id,firstName,lastName,email,moneySpent,productsPurchased,updatedAt,createdAt
1,Paxon,Tooze,ptooze0@alexa.com,$1871.74,79,8/17/2023,2/7/2024
2,Gabi,Barbe,gbarbe1@artisteer.com,$1378.01,21,10/14/2023,7/13/2023
3,Pietra,Tribe,ptribe2@seesaa.net,$1491.44,46,1/4/2024,9/28/2023
4,Henrietta,Potzold,hpotzold3@dailymail.co.uk,$1805.62,81,9/1/2023,4/10/2023
5,Greer,Berryann,gberryann4@harvard.edu,$953.01,31,9/25/2023,3/10/2024
6,Dion,Revan,drevan5@unblog.fr,$801.93,27,3/12/2024,4/25/2023
7,Andie,Lequeux,alequeux6@eventbrite.com,$758.97,38,2/27/2024,1/3/2024
8,Venita,Tobias,vtobias7@mediafire.com,$1515.48,96,3/26/2023,4/1/2023
9,Brenna,Bakes,bbakes8@umich.edu,$1465.45,96,8/20/2023,12/10/2023
10,Kiele,Maxstead,kmaxstead9@homestead.com,$1523.83,92,1/31/2024,12/2/2023
11,Bank,Sterricker,bsterrickera@icq.com,$615.42,98,3/5/2024,11/7/2023
12,Jenn,Ellyatt,jellyattb@4shared.com,$801.39,46,10/7/2023,1/6/2024
13,Sarge,Whaites,swhaitesc@hibu.com,$912.49,17,6/26/2023,12/9/2023
14,Corbin,Calven,ccalvend@webs.com,$1144.56,45,9/12/2023,11/24/2023
15,Dreddy,Hesbrook,dhesbrooke@vkontakte.ru,$1459.01,50,12/18/2023,4/9/2023
16,Vinni,Quinnette,vquinnettef@free.fr,$1499.01,92,12/9/2023,10/20/2023
17,Egor,Pohls,epohlsg@narod.ru,$339.62,65,2/10/2024,4/9/2023
18,Evita,Hurdle,ehurdleh@google.co.jp,$1023.14,93,8/25/2023,2/22/2024
19,Kala,Ravel,kraveli@vistaprint.com,$1237.27,40,10/16/2023,4/28/2023
20,Stafani,Alenov,salenovj@earthlink.net,$1471.29,1,3/29/2023,3/13/2024
21,Garland,Leadley,gleadleyk@naver.com,$1434.86,44,10/4/2023,10/15/2023
22,Tiebout,Douch,tdouchl@cnet.com,$605.97,31,3/5/2024,4/18/2023
23,Hamnet,Peddie,hpeddiem@sphinn.com,$1749.31,3,4/5/2023,3/9/2024
24,Ashlie,Sloegrave,asloegraven@gizmodo.com,$1411.35,5,7/28/2023,12/4/2023
25,Grange,Cramp,gcrampo@hostgator.com,$465.55,26,5/22/2023,10/21/2023
26,Ortensia,Pierucci,opieruccip@symantec.com,$687.24,8,6/13/2023,2/26/2024
27,Renell,Lyndon,rlyndonq@engadget.com,$609.07,93,12/9/2023,3/24/2024
28,Nissa,Winscom,nwinscomr@usa.gov,$298.25,61,6/15/2023,1/28/2024
29,Barnaby,Struijs,bstruijss@sitemeter.com,$538.40,35,11/11/2023,7/16/2023
30,Mariska,Cockerill,mcockerillt@gmpg.org,$1128.36,92,11/26/2023,5/15/2023
31,Dukey,Chestle,dchestleu@prweb.com,$1316.86,97,3/15/2024,11/1/2023
32,Gerardo,Danet,gdanetv@ihg.com,$931.23,65,9/29/2023,6/29/2023
33,Mano,Kenner,mkennerw@alibaba.com,$1781.46,37,10/13/2023,10/20/2023
34,Danell,Butte,dbuttex@opera.com,$1164.20,51,5/21/2023,3/17/2024
35,Lulita,Staterfield,lstaterfieldy@simplemachines.org,$1189.13,19,5/4/2023,7/20/2023
36,Rosalinda,Speenden,rspeendenz@hud.gov,$1147.20,80,8/18/2023,8/4/2023
37,Aubrey,Hardy,ahardy10@indiegogo.com,$575.33,36,1/22/2024,11/22/2023
38,Wendye,Lamy,wlamy11@furl.net,$1593.35,64,8/6/2023,6/22/2023
39,Hammad,Frankes,hfrankes12@pbs.org,$1345.51,100,1/9/2024,8/1/2023
40,Rhianon,Klebes,rklebes13@weather.com,$1514.72,97,11/15/2023,4/8/2023
41,Hollyanne,Nucator,hnucator14@google.fr,$549.46,97,7/16/2023,12/8/2023
42,Jay,de Courcey,jdecourcey15@tmall.com,$1720.25,38,5/6/2023,6/8/2023
43,Reube,Wilprecht,rwilprecht16@dell.com,$1340.73,75,8/14/2023,1/26/2024
44,Cyrill,Warrell,cwarrell17@wiley.com,$1478.59,98,2/2/2024,5/29/2023
45,Fenelia,Ogdahl,fogdahl18@abc.net.au,$150.85,93,4/20/2023,3/28/2023
46,Belia,Dionisii,bdionisii19@netvibes.com,$484.49,11,4/9/2023,6/2/2023
47,Margret,Handmore,mhandmore1a@google.ru,$1079.81,47,8/23/2023,3/30/2023
48,Kari,Pittam,kpittam1b@51.la,$872.20,34,5/25/2023,2/21/2024
49,Johny,Ryce,jryce1c@goodreads.com,$809.05,18,11/13/2023,11/1/2023
50,Wang,Campagne,wcampagne1d@buzzfeed.com,$525.43,68,8/30/2023,3/27/2023
51,Alissa,Gawke,agawke1e@github.io,$176.52,59,7/4/2023,10/22/2023
52,Dugald,Dimnage,ddimnage1f@shutterfly.com,$1536.55,64,7/12/2023,6/19/2023
53,Rabbi,Passe,rpasse1g@cyberchimps.com,$1751.76,72,5/10/2023,6/21/2023
54,Louise,Kington,lkington1h@sfgate.com,$446.77,74,2/15/2024,8/24/2023
55,Irena,Markushkin,imarkushkin1i@illinois.edu,$1031.51,83,7/28/2023,4/17/2023
56,Sinclair,Gibling,sgibling1j@stanford.edu,$1816.93,56,6/20/2023,7/7/2023
57,Alys,Pottie,apottie1k@cafepress.com,$1909.25,25,12/14/2023,11/24/2023
58,Roch,Alcock,ralcock1l@feedburner.com,$1129.19,51,5/17/2023,7/19/2023
59,Lindy,Cloute,lcloute1m@ibm.com,$141.46,96,4/9/2023,4/27/2023
60,Kathrine,Copnell,kcopnell1n@eepurl.com,$1387.55,76,6/11/2023,9/6/2023
61,Alana,Ferryman,aferryman1o@biglobe.ne.jp,$500.06,49,8/27/2023,11/26/2023
62,Jamaal,Armistead,jarmistead1p@examiner.com,$840.80,84,2/24/2024,3/25/2023
63,Lynnell,Davidai,ldavidai1q@pbs.org,$139.14,62,3/5/2024,2/5/2024
64,Tait,Rider,trider1r@vkontakte.ru,$1633.62,48,8/31/2023,8/22/2023
65,Jeremie,Huggon,jhuggon1s@businessweek.com,$1599.21,46,8/22/2023,9/30/2023
66,Editha,Bedinn,ebedinn1t@dyndns.org,$1570.66,68,3/28/2023,4/10/2023
67,Maressa,Rooney,mrooney1u@sciencedaily.com,$1448.35,68,8/5/2023,1/12/2024
68,Clarinda,Wisden,cwisden1v@drupal.org,$1342.55,77,5/7/2023,12/8/2023
69,Fabiano,Ducker,fducker1w@squarespace.com,$1037.66,93,11/12/2023,1/1/2024
70,Cash,Constanza,cconstanza1x@jigsy.com,$924.21,58,5/26/2023,4/2/2023
71,Pablo,Corben,pcorben1y@cpanel.net,$1053.19,15,5/30/2023,3/30/2023
72,Ardyth,Stryde,astryde1z@edublogs.org,$1399.49,46,6/26/2023,3/10/2024
73,Abbe,Grishanin,agrishanin20@ucoz.com,$325.68,62,12/11/2023,7/5/2023
74,Alyss,O' Hogan,aohogan21@51.la,$1341.85,7,7/20/2023,7/6/2023
75,Benita,Hanks,bhanks22@hud.gov,$901.27,1,1/2/2024,4/20/2023
76,Mariejeanne,Ketteman,mketteman23@businessinsider.com,$1921.86,80,9/17/2023,11/2/2023
77,Harley,Glaister,hglaister24@wired.com,$1477.20,32,5/1/2023,9/4/2023
78,Gunner,Skeemor,gskeemor25@github.io,$944.70,39,1/19/2024,3/15/2024
79,Edythe,Itzcak,eitzcak26@feedburner.com,$1533.50,36,8/11/2023,2/29/2024
80,Alayne,Cardello,acardello27@thetimes.co.uk,$318.09,86,12/22/2023,1/30/2024
81,Maurita,GiacobbiniJacob,mgiacobbinijacob28@furl.net,$677.31,39,7/5/2023,7/18/2023
82,Forest,Smail,fsmail29@dyndns.org,$556.60,21,4/18/2023,7/18/2023
83,Christine,Balaizot,cbalaizot2a@reddit.com,$1904.49,72,7/10/2023,11/7/2023
84,Rollie,Cleyburn,rcleyburn2b@techcrunch.com,$824.65,75,10/24/2023,9/30/2023
85,Nanine,McGibbon,nmcgibbon2c@nytimes.com,$656.42,7,8/8/2023,3/12/2024
86,Ky,Lygoe,klygoe2d@trellian.com,$1165.89,88,3/20/2024,4/25/2023
87,Sander,Tomsett,stomsett2e@miitbeian.gov.cn,$998.00,45,2/2/2024,11/27/2023
88,Correy,Backwell,cbackwell2f@patch.com,$1616.73,71,10/14/2023,8/16/2023
89,Vera,Oldrey,voldrey2g@github.com,$1260.56,60,10/24/2023,2/28/2024
90,Emanuele,Staining,estaining2h@lulu.com,$1135.25,85,3/29/2023,8/16/2023
91,Clementius,Leynton,cleynton2i@livejournal.com,$155.52,92,10/26/2023,1/19/2024
92,Sanderson,Bonnier,sbonnier2j@vinaora.com,$1874.35,90,2/27/2024,10/27/2023
93,Dacey,Jewess,djewess2k@soundcloud.com,$204.33,69,11/14/2023,5/6/2023
94,Ursa,Breen,ubreen2l@chron.com,$659.74,78,9/13/2023,5/3/2023
95,Elysee,Huggons,ehuggons2m@networksolutions.com,$1947.37,27,11/19/2023,9/2/2023
96,Gabriele,Woodrup,gwoodrup2n@ucoz.ru,$603.90,94,8/15/2023,5/12/2023
97,Sallie,Silson,ssilson2o@ucla.edu,$371.63,76,4/12/2023,4/10/2023
98,Hattie,Manifould,hmanifould2p@who.int,$1034.81,51,9/15/2023,12/30/2023
99,Lucius,Archbould,larchbould2q@freewebs.com,$160.40,72,3/15/2024,9/29/2023
100,Jackquelin,Bacup,jbacup2r@feedburner.com,$1363.84,23,2/6/2024,1/27/2024
101,Bibi,Hartlebury,bhartlebury2s@google.es,$1767.29,74,3/6/2024,9/19/2023
102,Anthe,Corkitt,acorkitt2t@mayoclinic.com,$1880.64,88,7/5/2023,8/26/2023
103,Angelo,Cadney,acadney2u@weather.com,$125.83,88,10/30/2023,8/8/2023
104,Kliment,Eastope,keastope2v@arizona.edu,$1406.32,96,6/20/2023,1/4/2024
105,Cherice,Crowdace,ccrowdace2w@netlog.com,$1590.32,31,10/6/2023,4/15/2023
106,Jaquelin,Toten,jtoten2x@ted.com,$1759.18,2,7/10/2023,10/27/2023
107,Vito,Markwelley,vmarkwelley2y@abc.net.au,$955.13,83,9/23/2023,6/8/2023
108,Nicolais,Chatainier,nchatainier2z@cbslocal.com,$442.84,72,11/27/2023,4/30/2023
109,Codee,Ayrton,cayrton30@foxnews.com,$1095.98,16,1/17/2024,3/16/2024
110,Pattie,Scheffel,pscheffel31@paginegialle.it,$1637.88,32,11/21/2023,7/4/2023
111,Ramsay,Rizziello,rrizziello32@aol.com,$105.67,40,7/26/2023,3/6/2024
112,Bellanca,Courtonne,bcourtonne33@senate.gov,$158.55,86,7/7/2023,5/6/2023
113,Camila,Hartill,chartill34@yahoo.com,$1888.44,38,9/21/2023,1/16/2024
114,Drusi,Rigler,drigler35@mail.ru,$1005.63,96,2/2/2024,5/20/2023
115,Ewell,Hulke,ehulke36@ibm.com,$848.33,65,12/20/2023,4/23/2023
116,Dorothee,Lemerie,dlemerie37@rakuten.co.jp,$1163.58,16,6/2/2023,12/22/2023
117,Glenine,Pitcaithly,gpitcaithly38@hostgator.com,$1189.66,17,4/1/2023,6/21/2023
118,Amalea,Boulds,aboulds39@psu.edu,$421.50,42,1/20/2024,9/15/2023
119,Rafaela,Joint,rjoint3a@hostgator.com,$1932.49,59,3/3/2024,2/19/2024
120,Isac,MacManus,imacmanus3b@skype.com,$1728.25,22,3/27/2023,7/3/2023
121,Astrid,Thomassin,athomassin3c@house.gov,$1909.93,56,9/14/2023,8/22/2023
122,Rosanna,Goodridge,rgoodridge3d@hatena.ne.jp,$266.33,83,5/1/2023,3/25/2023
123,Sawyer,Samett,ssamett3e@accuweather.com,$1885.17,90,5/26/2023,10/21/2023
124,Tracie,Belsham,tbelsham3f@pagesperso-orange.fr,$1346.01,45,1/12/2024,3/13/2024
125,Thomasina,Jimeno,tjimeno3g@sfgate.com,$609.93,22,1/14/2024,11/30/2023
126,Fey,Goodison,fgoodison3h@cmu.edu,$684.28,26,7/28/2023,3/11/2024
127,Ham,Sainsbury,hsainsbury3i@i2i.jp,$585.63,10,4/17/2023,5/30/2023
128,Jeno,Beckhurst,jbeckhurst3j@sogou.com,$661.87,62,11/14/2023,9/21/2023
129,Colly,Pope,cpope3k@noaa.gov,$756.11,40,4/3/2023,11/21/2023
130,Fionnula,Mattiuzzi,fmattiuzzi3l@macromedia.com,$1755.23,46,1/21/2024,1/3/2024
131,Tam,Simmell,tsimmell3m@yandex.ru,$916.09,60,12/12/2023,3/5/2024
132,Amber,Raymond,araymond3n@microsoft.com,$936.39,16,5/9/2023,10/10/2023
133,Thane,Blaiklock,tblaiklock3o@tamu.edu,$1385.54,35,12/24/2023,10/12/2023
134,Janelle,Druhan,jdruhan3p@samsung.com,$283.80,11,10/25/2023,5/3/2023
135,Ware,Rainford,wrainford3q@chronoengine.com,$1346.55,58,5/8/2023,2/4/2024
136,Boone,Roberto,broberto3r@bigcartel.com,$1680.15,97,10/3/2023,8/22/2023
137,Jocko,Andryushchenko,jandryushchenko3s@netvibes.com,$591.49,37,5/21/2023,3/13/2024
138,Conroy,Birchill,cbirchill3t@ustream.tv,$978.68,10,3/6/2024,10/30/2023
139,Grover,Kerner,gkerner3u@boston.com,$993.49,54,9/14/2023,11/1/2023
140,Ninnette,Perillo,nperillo3v@yellowpages.com,$205.62,32,3/4/2024,5/25/2023
141,Caren,Andrin,candrin3w@berkeley.edu,$1131.88,46,1/11/2024,10/5/2023
142,Gawain,Orange,gorange3x@purevolume.com,$172.00,52,7/9/2023,3/16/2024
143,Alyson,Foldes,afoldes3y@fotki.com,$333.75,55,1/8/2024,7/3/2023
144,Joshia,Craise,jcraise3z@indiegogo.com,$428.84,9,11/30/2023,8/31/2023
145,Madison,Mozzi,mmozzi40@ycombinator.com,$378.55,87,3/15/2024,9/20/2023
146,Flore,Lamonby,flamonby41@adobe.com,$1642.12,60,3/25/2023,3/28/2023
147,Jessica,Domerq,jdomerq42@wikimedia.org,$798.60,34,9/13/2023,12/21/2023
148,Marillin,Dallas,mdallas43@sciencedaily.com,$244.31,18,7/25/2023,4/3/2023
149,Rozelle,Jorn,rjorn44@amazon.co.uk,$1921.00,63,9/13/2023,3/26/2023
150,Tyrus,Hanbury,thanbury45@ovh.net,$929.31,42,5/31/2023,10/28/2023
151,Norby,Coase,ncoase46@wordpress.com,$1473.74,69,8/28/2023,4/6/2023
152,Erl,Cahill,ecahill47@yale.edu,$522.28,80,8/15/2023,2/16/2024
153,Kathryn,Kuhnke,kkuhnke48@aol.com,$908.85,86,4/26/2023,2/3/2024
154,Norean,de Aguirre,ndeaguirre49@ebay.com,$479.41,35,12/3/2023,6/20/2023
155,Nedda,Pendergrast,npendergrast4a@1und1.de,$722.03,43,1/5/2024,6/24/2023
156,Henri,Eliff,heliff4b@edublogs.org,$1546.38,76,7/29/2023,12/1/2023
157,Sarette,Roxbrough,sroxbrough4c@patch.com,$1855.61,34,4/17/2023,2/8/2024
158,Kate,Trusler,ktrusler4d@symantec.com,$739.26,71,4/20/2023,4/23/2023
159,Hervey,Kettridge,hkettridge4e@arizona.edu,$1242.13,26,10/15/2023,1/10/2024
160,Abbey,Trueman,atrueman4f@about.me,$1561.50,23,1/26/2024,11/3/2023
161,Stuart,Tousy,stousy4g@surveymonkey.com,$1864.90,85,11/6/2023,5/27/2023
162,Leicester,Swarbrick,lswarbrick4h@usatoday.com,$1897.70,35,3/17/2024,3/11/2024
163,Tansy,Damiata,tdamiata4i@pcworld.com,$692.04,69,3/16/2024,11/28/2023
164,Letta,Calver,lcalver4j@reverbnation.com,$1236.82,83,4/4/2023,11/30/2023
165,Herman,Hegge,hhegge4k@wired.com,$630.96,71,1/24/2024,8/11/2023
166,Duky,Rustadge,drustadge4l@jugem.jp,$618.26,66,12/22/2023,2/26/2024
167,Jada,Robertot,jrobertot4m@rambler.ru,$1319.15,49,1/6/2024,10/17/2023
168,Lesya,Renton,lrenton4n@mapquest.com,$1786.86,82,9/8/2023,6/1/2023
169,Stern,Glyne,sglyne4o@microsoft.com,$1917.55,57,11/4/2023,7/28/2023
170,Maiga,Thrower,mthrower4p@webs.com,$1122.82,33,12/1/2023,5/10/2023
171,Suzann,Jagiela,sjagiela4q@nationalgeographic.com,$721.19,85,3/5/2024,8/31/2023
172,Amanda,Moysey,amoysey4r@prlog.org,$1610.44,47,9/19/2023,7/15/2023
173,Tybi,Feldon,tfeldon4s@huffingtonpost.com,$500.45,35,7/13/2023,2/26/2024
174,Ulla,Tomlett,utomlett4t@google.ca,$920.70,55,11/14/2023,2/12/2024
175,Den,Beckles,dbeckles4u@reverbnation.com,$607.03,13,6/12/2023,3/4/2024
176,Hermina,Clemence,hclemence4v@theatlantic.com,$1285.85,21,12/28/2023,2/28/2024
177,Shandy,Cordey,scordey4w@vk.com,$1141.35,59,8/31/2023,10/5/2023
178,Cooper,Santostefano.,csantostefano4x@gizmodo.com,$1155.35,18,7/1/2023,2/17/2024
179,Irvine,Rizzello,irizzello4y@nature.com,$1735.68,35,3/24/2024,9/8/2023
180,Reinold,Cleverly,rcleverly4z@deviantart.com,$1423.72,64,4/30/2023,6/25/2023
181,Gerianne,Ashbee,gashbee50@a8.net,$286.32,11,6/23/2023,10/12/2023
182,Harry,Sandom,hsandom51@arizona.edu,$1497.42,34,7/31/2023,3/17/2024
183,Elizabet,Sackur,esackur52@opensource.org,$1394.94,17,11/13/2023,6/21/2023
184,Darrin,Silversmidt,dsilversmidt53@scribd.com,$1654.69,35,12/10/2023,9/25/2023
185,Edsel,Kaye,ekaye54@4shared.com,$547.68,72,10/29/2023,10/31/2023
186,Nelle,Mattholie,nmattholie55@ameblo.jp,$161.32,42,9/25/2023,5/6/2023
187,Aline,Kubala,akubala56@stanford.edu,$1341.11,44,1/5/2024,3/9/2024
188,Robbie,Thon,rthon57@mysql.com,$1770.57,53,12/24/2023,12/31/2023
189,Geoff,Saurat,gsaurat58@umn.edu,$878.79,40,4/9/2023,6/8/2023
190,Lonnie,Stouther,lstouther59@pinterest.com,$1000.91,73,9/8/2023,2/4/2024
191,Johny,Immings,jimmings5a@kickstarter.com,$906.82,79,8/22/2023,9/23/2023
192,Pier,Acome,pacome5b@1688.com,$1777.91,13,7/25/2023,5/29/2023
193,Danielle,Sacaze,dsacaze5c@reuters.com,$1886.57,84,6/16/2023,5/9/2023
194,Gilberto,Beckinsall,gbeckinsall5d@jigsy.com,$1775.16,30,11/8/2023,4/3/2023
195,Sari,Haire,shaire5e@tamu.edu,$1501.71,74,4/25/2023,3/27/2023
196,Winne,Costerd,wcosterd5f@answers.com,$247.46,71,5/3/2023,8/30/2023
197,Amargo,Plait,aplait5g@1und1.de,$1804.36,91,5/24/2023,6/2/2023
198,Anderson,Osan,aosan5h@desdev.cn,$248.31,88,8/1/2023,4/13/2023
199,Patsy,Abrahmovici,pabrahmovici5i@examiner.com,$511.73,77,9/3/2023,6/9/2023
200,Amil,Edwick,aedwick5j@infoseek.co.jp,$380.15,26,6/1/2023,12/26/2023
201,Elissa,Blackie,eblackie5k@aol.com,$1552.89,86,11/14/2023,4/14/2023
202,Lefty,Kinmond,lkinmond5l@dagondesign.com,$348.72,39,12/3/2023,9/15/2023
203,Jany,Tinson,jtinson5m@unblog.fr,$1863.35,20,5/27/2023,11/13/2023
204,Trina,Abbyss,tabbyss5n@arstechnica.com,$263.83,86,10/27/2023,10/25/2023
205,Reidar,Farrar,rfarrar5o@nydailynews.com,$1293.38,27,12/12/2023,6/20/2023
206,Netti,Downie,ndownie5p@privacy.gov.au,$382.12,12,7/29/2023,12/18/2023
207,Marrilee,Ellaman,mellaman5q@answers.com,$1948.95,52,1/17/2024,12/11/2023
208,Massimo,Rolance,mrolance5r@fema.gov,$351.53,15,7/24/2023,9/7/2023
209,Patsy,Cardinale,pcardinale5s@nationalgeographic.com,$1473.14,92,7/18/2023,8/20/2023
210,Alexandros,Snel,asnel5t@blogtalkradio.com,$1327.28,81,3/20/2024,12/15/2023
211,Clem,Pattini,cpattini5u@xinhuanet.com,$486.13,61,4/25/2023,4/16/2023
212,Thaxter,Paver,tpaver5v@hp.com,$575.09,58,9/12/2023,11/6/2023
213,Riobard,Djurevic,rdjurevic5w@jimdo.com,$172.50,50,1/16/2024,3/4/2024
214,Pearla,Matevosian,pmatevosian5x@addtoany.com,$1059.50,73,8/10/2023,10/5/2023
215,Darcy,Seamans,dseamans5y@godaddy.com,$523.04,33,12/4/2023,2/25/2024
216,Winny,Boldt,wboldt5z@chron.com,$1996.26,83,7/29/2023,11/16/2023
217,Benita,Bowlands,bbowlands60@skype.com,$1568.23,47,3/17/2024,5/8/2023
218,Jamey,Pauletti,jpauletti61@multiply.com,$1238.23,60,4/25/2023,2/22/2024
219,Esteban,Askey,easkey62@answers.com,$1028.21,74,9/30/2023,3/5/2024
220,Nicolas,Davidovicz,ndavidovicz63@biblegateway.com,$354.85,93,12/3/2023,6/12/2023
221,Obadiah,Alessandretti,oalessandretti64@ebay.com,$1302.29,1,11/5/2023,11/5/2023
222,Delinda,Cove,dcove65@va.gov,$1146.25,15,2/26/2024,12/4/2023
223,Leslie,Brolly,lbrolly66@newyorker.com,$448.38,74,7/9/2023,7/31/2023
224,Paxon,Philo,pphilo67@nifty.com,$811.23,73,2/10/2024,12/8/2023
225,Antonin,Nisby,anisby68@bizjournals.com,$1527.14,72,12/27/2023,7/18/2023
226,Valentine,Windas,vwindas69@foxnews.com,$773.24,52,2/22/2024,2/8/2024
227,Averill,Treuge,atreuge6a@edublogs.org,$1832.17,32,4/5/2023,2/15/2024
228,Jimmy,Baruch,jbaruch6b@amazon.co.uk,$1532.01,91,4/26/2023,6/19/2023
229,Rick,Kingzett,rkingzett6c@japanpost.jp,$1145.04,6,8/22/2023,8/24/2023
230,Elwood,Westerman,ewesterman6d@51.la,$1617.40,68,8/18/2023,8/26/2023
231,Bev,Seal,bseal6e@printfriendly.com,$1683.12,77,1/3/2024,5/16/2023
232,Welbie,Hawkslee,whawkslee6f@symantec.com,$969.02,33,10/5/2023,9/21/2023
233,Allegra,Cawdron,acawdron6g@amazon.co.jp,$1008.06,16,3/24/2024,5/21/2023
234,Perren,Brunner,pbrunner6h@a8.net,$183.42,90,4/8/2023,8/17/2023
235,Max,Verzey,mverzey6i@networksolutions.com,$932.20,97,8/11/2023,6/9/2023
236,Godard,Neilson,gneilson6j@auda.org.au,$1556.29,57,5/18/2023,10/25/2023
237,Mikaela,Letch,mletch6k@google.nl,$750.83,81,9/1/2023,8/24/2023
238,Rosaline,Deinhardt,rdeinhardt6l@t-online.de,$234.15,52,12/23/2023,5/20/2023
239,Quintus,Korting,qkorting6m@constantcontact.com,$643.89,16,4/30/2023,10/28/2023
240,Dorey,Gruszka,dgruszka6n@alexa.com,$614.67,54,11/27/2023,5/14/2023
241,Fabiano,Risson,frisson6o@privacy.gov.au,$1161.06,7,12/24/2023,1/24/2024
242,Wilhelmine,Snel,wsnel6p@gov.uk,$870.49,53,7/6/2023,7/17/2023
243,Adelice,Fontel,afontel6q@eepurl.com,$1897.05,28,4/2/2023,12/31/2023
244,Martyn,Titman,mtitman6r@networksolutions.com,$513.72,15,12/25/2023,3/31/2023
245,Heindrick,Purdey,hpurdey6s@nature.com,$575.86,85,6/17/2023,8/28/2023
246,Gilemette,Curley,gcurley6t@over-blog.com,$1612.18,27,3/6/2024,12/8/2023
247,Jobye,Norcross,jnorcross6u@unicef.org,$662.30,95,1/13/2024,8/13/2023
248,Betsy,Herculeson,bherculeson6v@4shared.com,$1775.71,21,2/14/2024,8/8/2023
249,Ario,Ludy,aludy6w@wp.com,$1474.16,60,3/29/2023,9/22/2023
250,Waylon,Mularkey,wmularkey6x@ehow.com,$204.34,33,10/1/2023,12/31/2023
251,Olva,Geindre,ogeindre6y@quantcast.com,$1953.81,95,7/21/2023,6/15/2023
252,Henrieta,Treadaway,htreadaway6z@ehow.com,$585.71,49,10/12/2023,9/29/2023
253,Vivian,Oaten,voaten70@springer.com,$185.29,88,1/21/2024,3/2/2024
254,Erny,Judgkins,ejudgkins71@bbc.co.uk,$492.32,87,6/4/2023,2/6/2024
255,Ginni,Enrietto,genrietto72@springer.com,$1596.99,92,6/21/2023,4/14/2023
256,Nero,Adney,nadney73@buzzfeed.com,$832.75,4,10/2/2023,2/21/2024
257,Haydon,Pickthall,hpickthall74@soup.io,$1176.43,58,7/8/2023,3/19/2024
258,Winthrop,Albery,walbery75@google.fr,$1015.83,66,7/8/2023,11/8/2023
259,Danila,Dilger,ddilger76@house.gov,$1334.40,30,2/15/2024,8/5/2023
260,Penn,Cazalet,pcazalet77@163.com,$1208.42,39,4/14/2023,11/16/2023
261,Kimbell,MacFall,kmacfall78@washingtonpost.com,$937.35,4,12/16/2023,12/3/2023
262,Brianna,Colbeck,bcolbeck79@wunderground.com,$650.88,67,2/8/2024,1/1/2024
263,Clyde,Leheude,cleheude7a@networkadvertising.org,$295.97,52,2/17/2024,8/30/2023
264,Madelyn,L'Archer,mlarcher7b@nasa.gov,$379.55,90,10/12/2023,12/27/2023
265,Annabell,Deschelle,adeschelle7c@state.gov,$1669.88,58,12/17/2023,10/1/2023
266,Eran,Rains,erains7d@networkadvertising.org,$1977.51,83,10/13/2023,2/27/2024
267,Danyette,Willarton,dwillarton7e@woothemes.com,$1878.26,85,3/3/2024,6/25/2023
268,Chickie,Bomb,cbomb7f@sogou.com,$127.48,54,8/30/2023,12/24/2023
269,Carlin,Mara,cmara7g@bing.com,$778.78,81,12/14/2023,11/29/2023
270,Muffin,Himpson,mhimpson7h@mozilla.com,$1933.98,20,7/7/2023,5/24/2023
271,Hoebart,Denslow,hdenslow7i@sfgate.com,$354.39,88,6/18/2023,10/8/2023
272,May,Yakebowitch,myakebowitch7j@feedburner.com,$738.69,43,1/5/2024,3/26/2023
273,Vivien,Frangione,vfrangione7k@statcounter.com,$1775.93,89,8/23/2023,9/21/2023
274,Sybila,Chesser,schesser7l@ask.com,$1422.30,88,3/12/2024,6/20/2023
275,Jethro,Christaeas,jchristaeas7m@parallels.com,$965.33,24,4/8/2023,2/1/2024
276,Tybie,Bradnocke,tbradnocke7n@bloglines.com,$1686.72,31,6/3/2023,2/24/2024
277,Lela,Lillow,llillow7o@cargocollective.com,$579.60,67,3/15/2024,3/14/2024
278,Puff,Drewson,pdrewson7p@zdnet.com,$1411.47,10,7/10/2023,9/17/2023
279,Sib,Knatt,sknatt7q@sogou.com,$293.42,51,12/10/2023,8/29/2023
280,Brand,Canas,bcanas7r@instagram.com,$890.95,27,8/7/2023,12/26/2023
281,Kristy,Aisman,kaisman7s@ucoz.ru,$377.41,69,6/30/2023,12/18/2023
282,Pooh,Pelz,ppelz7t@china.com.cn,$977.99,77,12/30/2023,2/24/2024
283,Filberto,Branthwaite,fbranthwaite7u@clickbank.net,$627.72,79,12/3/2023,2/24/2024
284,Filippa,Southern,fsouthern7v@economist.com,$1664.73,65,2/24/2024,10/8/2023
285,Beth,Josskovitz,bjosskovitz7w@sfgate.com,$1141.65,39,6/12/2023,12/9/2023
286,Murvyn,Lutas,mlutas7x@cbsnews.com,$910.87,13,11/29/2023,1/30/2024
287,Michaeline,Byham,mbyham7y@ftc.gov,$919.83,46,2/8/2024,5/6/2023
288,Elonore,MacAless,emacaless7z@nationalgeographic.com,$1648.20,6,5/12/2023,11/23/2023
289,Stanwood,Davoren,sdavoren80@soundcloud.com,$1796.66,32,12/4/2023,4/24/2023
290,Huey,Sjostrom,hsjostrom81@twitter.com,$1355.37,7,10/26/2023,2/15/2024
291,Tymon,Stych,tstych82@yale.edu,$1307.58,33,9/23/2023,4/18/2023
292,Wayne,Garmans,wgarmans83@amazonaws.com,$234.98,50,2/16/2024,3/19/2024
293,Javier,Andrejs,jandrejs84@cbslocal.com,$763.23,10,1/17/2024,3/27/2023
294,Sheena,Wormell,swormell85@wikipedia.org,$1925.89,42,7/30/2023,8/26/2023
295,Anton,Dowdeswell,adowdeswell86@arizona.edu,$246.97,42,7/13/2023,6/3/2023
296,Raff,Carff,rcarff87@bing.com,$956.31,49,5/30/2023,1/2/2024
297,Kristofer,Castaignet,kcastaignet88@bing.com,$742.80,79,6/26/2023,8/18/2023
298,Elwin,Lismore,elismore89@lulu.com,$719.89,80,5/12/2023,12/15/2023
299,Estella,Tupman,etupman8a@msu.edu,$1725.65,17,7/2/2023,2/7/2024
300,Giavani,Portugal,gportugal8b@xinhuanet.com,$963.53,59,1/4/2024,10/17/2023
301,Iver,Boom,iboom8c@cbc.ca,$1243.63,57,3/23/2024,7/10/2023
302,Torrance,Yakunkin,tyakunkin8d@ucsd.edu,$1900.73,19,2/15/2024,8/7/2023
303,Agretha,Ellcome,aellcome8e@timesonline.co.uk,$999.69,48,5/19/2023,8/10/2023
304,Letta,Schrei,lschrei8f@google.ru,$1607.00,61,4/21/2023,1/21/2024
305,Berkie,Garroway,bgarroway8g@so-net.ne.jp,$948.35,84,10/23/2023,9/19/2023
306,Tabb,Giacometti,tgiacometti8h@storify.com,$239.94,13,1/9/2024,12/5/2023
307,Diann,Pilcher,dpilcher8i@nps.gov,$1855.91,32,12/28/2023,4/21/2023
308,Uta,Ruddick,uruddick8j@howstuffworks.com,$470.94,77,11/28/2023,8/29/2023
309,Giulio,Pembridge,gpembridge8k@flickr.com,$1149.68,5,12/8/2023,4/15/2023
310,Loleta,Bernardelli,lbernardelli8l@hostgator.com,$303.21,29,1/7/2024,8/28/2023
311,Bud,Wolverson,bwolverson8m@engadget.com,$996.35,28,12/31/2023,3/26/2023
312,Ruggiero,Barlow,rbarlow8n@businessinsider.com,$1208.55,20,9/30/2023,1/24/2024
313,Tess,Syer,tsyer8o@mac.com,$1865.75,16,3/15/2024,12/25/2023
314,Erinn,Durgan,edurgan8p@msu.edu,$1958.07,64,11/11/2023,2/24/2024
315,Biddy,Growden,bgrowden8q@ucsd.edu,$917.05,87,8/1/2023,1/1/2024
316,Randi,Vanyashkin,rvanyashkin8r@addtoany.com,$1110.26,76,3/23/2024,7/10/2023
317,Alvin,Wanne,awanne8s@reference.com,$1791.17,86,9/19/2023,10/13/2023
318,Wolf,Rutherforth,wrutherforth8t@soup.io,$1053.46,20,4/4/2023,2/15/2024
319,Ettore,Hedley,ehedley8u@furl.net,$445.95,98,8/21/2023,6/2/2023
320,Sonia,Colebourn,scolebourn8v@ted.com,$1415.77,48,8/22/2023,11/12/2023
321,Luisa,Spadaro,lspadaro8w@sourceforge.net,$739.06,33,7/2/2023,9/13/2023
322,Adelina,Delamere,adelamere8x@topsy.com,$153.51,41,8/18/2023,10/25/2023
323,Dorise,Stansbie,dstansbie8y@rambler.ru,$1597.62,76,8/24/2023,10/28/2023
324,Zabrina,Gyrgorwicx,zgyrgorwicx8z@google.es,$1064.93,68,5/2/2023,11/19/2023
325,Mikel,Bampkin,mbampkin90@fastcompany.com,$1841.00,52,6/17/2023,6/22/2023
326,Penny,Cheves,pcheves91@tripadvisor.com,$1916.29,11,4/15/2023,10/30/2023
327,Lorry,Leehane,lleehane92@illinois.edu,$239.84,55,4/13/2023,9/12/2023
328,Thornton,Lintott,tlintott93@so-net.ne.jp,$383.25,93,5/5/2023,8/7/2023
329,Malcolm,Risbrough,mrisbrough94@meetup.com,$1775.97,53,7/30/2023,11/30/2023
330,Haydon,Bydaway,hbydaway95@oakley.com,$1604.70,74,12/4/2023,5/28/2023
331,Trula,Hattrick,thattrick96@wikia.com,$1642.99,98,11/15/2023,10/1/2023
332,Celisse,Conry,cconry97@ovh.net,$1471.02,21,7/25/2023,11/19/2023
333,Catherin,Drynan,cdrynan98@yolasite.com,$1104.88,62,2/16/2024,2/17/2024
334,Gherardo,Sorrell,gsorrell99@wisc.edu,$290.81,69,4/20/2023,3/28/2023
335,Rustin,Troni,rtroni9a@wunderground.com,$675.03,73,4/20/2023,10/26/2023
336,Sasha,Pennuzzi,spennuzzi9b@uol.com.br,$1581.03,69,10/12/2023,5/8/2023
337,Elden,Samworth,esamworth9c@scientificamerican.com,$413.78,59,5/12/2023,5/11/2023
338,Rachael,Bouts,rbouts9d@nationalgeographic.com,$966.19,84,10/15/2023,3/1/2024
339,Maryl,Quilleash,mquilleash9e@dedecms.com,$1758.38,41,2/24/2024,5/27/2023
340,Lena,Yanyushkin,lyanyushkin9f@purevolume.com,$547.28,75,7/14/2023,7/30/2023
341,Katya,Emeny,kemeny9g@moonfruit.com,$117.01,6,5/2/2023,4/18/2023
342,Brook,Tayspell,btayspell9h@blinklist.com,$1568.34,38,8/15/2023,12/31/2023
343,Garwin,Brunsen,gbrunsen9i@hostgator.com,$1743.01,100,7/7/2023,12/15/2023
344,Jelene,Castella,jcastella9j@histats.com,$886.55,2,7/29/2023,11/15/2023
345,Kennan,Stockill,kstockill9k@sakura.ne.jp,$486.12,53,5/30/2023,12/5/2023
346,Job,Coppins,jcoppins9l@cornell.edu,$828.01,27,11/1/2023,10/30/2023
347,Malinde,Germann,mgermann9m@ed.gov,$1564.00,33,5/19/2023,4/2/2023
348,Chloette,Lomasna,clomasna9n@artisteer.com,$419.16,33,2/24/2024,10/13/2023
349,Colleen,Blampied,cblampied9o@slashdot.org,$872.12,28,9/9/2023,4/16/2023
350,Tommy,Wife,twife9p@nifty.com,$1665.45,41,11/21/2023,9/19/2023
351,Kirstin,Farnan,kfarnan9q@meetup.com,$536.58,7,2/22/2024,8/23/2023
352,Vin,Laurence,vlaurence9r@sun.com,$1140.48,41,2/21/2024,3/30/2023
353,Engelbert,Furtado,efurtado9s@youtu.be,$1841.64,68,6/19/2023,9/1/2023
354,Dante,Goodluck,dgoodluck9t@mac.com,$1203.64,62,12/3/2023,11/15/2023
355,Wenonah,Duplock,wduplock9u@fastcompany.com,$435.54,62,11/20/2023,6/11/2023
356,Georgie,Nudde,gnudde9v@seesaa.net,$1522.00,23,4/1/2023,6/24/2023
357,Aldridge,Spire,aspire9w@wiley.com,$1389.07,61,2/22/2024,2/2/2024
358,Ardella,Cran,acran9x@businesswire.com,$1015.46,63,12/22/2023,5/24/2023
359,Garrik,Pasmore,gpasmore9y@nsw.gov.au,$1002.56,59,9/26/2023,3/11/2024
360,Bentlee,Axelbee,baxelbee9z@google.co.jp,$128.29,90,3/28/2023,3/29/2023
361,Kerby,Sculpher,ksculphera0@hhs.gov,$255.92,76,1/9/2024,12/29/2023
362,Donella,Dighton,ddightona1@amazon.com,$258.40,6,9/4/2023,8/17/2023
363,Salli,Petticrew,spetticrewa2@nymag.com,$293.22,78,1/31/2024,1/3/2024
364,Bud,Odo,bodoa3@vistaprint.com,$1253.07,7,5/3/2023,8/25/2023
365,Hilario,Babbe,hbabbea4@newyorker.com,$676.57,58,5/16/2023,11/21/2023
366,Nicol,Aulton,naultona5@ucoz.ru,$137.66,92,6/1/2023,9/13/2023
367,Marjory,Fillon,mfillona6@spotify.com,$741.35,34,8/28/2023,8/17/2023
368,Siegfried,Dods,sdodsa7@google.it,$325.49,61,6/9/2023,5/3/2023
369,Fred,Lugden,flugdena8@qq.com,$1081.69,72,10/16/2023,11/30/2023
370,Kassie,Headings,kheadingsa9@barnesandnoble.com,$1278.01,71,7/21/2023,9/12/2023
371,Natal,Hartle,nhartleaa@uiuc.edu,$754.86,74,12/8/2023,8/26/2023
372,Beitris,Tussaine,btussaineab@booking.com,$345.27,11,5/28/2023,3/13/2024
373,Brena,Witcomb,bwitcombac@youtu.be,$846.62,62,9/30/2023,6/30/2023
374,Melli,McShirie,mmcshiriead@opensource.org,$611.83,50,3/25/2023,4/19/2023
375,Shalna,Kahan,skahanae@illinois.edu,$943.35,79,7/11/2023,12/7/2023
376,Rodolfo,Liddall,rliddallaf@stumbleupon.com,$528.08,94,7/8/2023,3/15/2024
377,Nikoletta,Colthurst,ncolthurstag@geocities.jp,$1864.58,93,3/29/2023,3/9/2024
378,Antons,Trunchion,atrunchionah@t.co,$203.58,39,3/15/2024,9/16/2023
379,Bordie,Chatainier,bchatainierai@parallels.com,$682.15,99,10/30/2023,6/26/2023
380,Alleyn,Blow,ablowaj@printfriendly.com,$804.46,84,6/25/2023,8/7/2023
381,Tim,MacGorman,tmacgormanak@friendfeed.com,$1545.59,75,9/21/2023,6/29/2023
382,Winnie,Lumley,wlumleyal@goo.gl,$165.91,17,1/8/2024,4/24/2023
383,Giacobo,Girardey,ggirardeyam@hp.com,$1810.24,70,8/1/2023,1/2/2024
384,Irena,Donlon,idonlonan@usnews.com,$362.01,6,2/8/2024,3/8/2024
385,Berthe,Rappoport,brappoportao@newyorker.com,$1923.94,87,5/17/2023,8/21/2023
386,Edithe,Edmonds,eedmondsap@paypal.com,$650.55,36,8/10/2023,11/26/2023
387,Rosemaria,Sevin,rsevinaq@tamu.edu,$1230.31,38,4/6/2023,2/14/2024
388,Noak,Hawkridge,nhawkridgear@cisco.com,$1243.86,28,10/2/2023,11/17/2023
389,Adair,Fisher,afisheras@epa.gov,$1198.63,98,4/9/2023,10/17/2023
390,Burr,MacPherson,bmacphersonat@ustream.tv,$1306.42,38,8/3/2023,11/30/2023
391,Nikos,Boyford,nboyfordau@globo.com,$1877.11,88,11/23/2023,9/6/2023
392,Hervey,Corrado,hcorradoav@imgur.com,$1024.24,44,11/2/2023,9/28/2023
393,Marcellina,Cawthry,mcawthryaw@imgur.com,$1230.46,86,10/26/2023,11/11/2023
394,Jemimah,Sign,jsignax@amazon.de,$163.35,58,5/1/2023,12/16/2023
395,Gustav,Penright,gpenrightay@java.com,$1204.33,43,7/20/2023,6/27/2023
396,Forest,Sowersby,fsowersbyaz@ustream.tv,$1480.87,41,9/12/2023,5/23/2023
397,Lawrence,Plumptre,lplumptreb0@wisc.edu,$1940.74,9,11/4/2023,2/26/2024
398,Eddi,Phillipps,ephillippsb1@opensource.org,$1758.79,76,11/8/2023,1/27/2024
399,Lyda,Rathbone,lrathboneb2@lycos.com,$422.40,11,4/14/2023,4/14/2023
400,Paulie,Abson,pabsonb3@photobucket.com,$277.20,81,1/2/2024,10/15/2023
401,Sinclair,Belamy,sbelamyb4@nature.com,$185.32,99,6/3/2023,2/8/2024
402,Torey,Meckiff,tmeckiffb5@dmoz.org,$1082.69,59,2/10/2024,9/9/2023
403,Luke,Breach,lbreachb6@abc.net.au,$243.18,70,4/2/2023,12/27/2023
404,Aime,Iorizzo,aiorizzob7@yellowpages.com,$1811.54,4,11/14/2023,6/16/2023
405,Jeffry,McAneny,jmcanenyb8@stumbleupon.com,$1994.64,1,4/29/2023,12/17/2023
406,Ruprecht,Mahody,rmahodyb9@spotify.com,$265.04,44,10/6/2023,4/21/2023
407,Randie,Paddington,rpaddingtonba@usda.gov,$1049.68,27,7/31/2023,1/23/2024
408,Maxi,Week,mweekbb@dyndns.org,$1856.68,76,1/7/2024,8/6/2023
409,Karie,Lightoller,klightollerbc@sbwire.com,$556.54,16,11/4/2023,1/26/2024
410,Myrilla,Vardon,mvardonbd@oakley.com,$1096.92,18,7/1/2023,9/5/2023
411,Scotty,Hehl,shehlbe@etsy.com,$164.78,51,6/26/2023,8/22/2023
412,Burgess,Deverock,bdeverockbf@goodreads.com,$1469.60,40,8/22/2023,3/25/2023
413,Jerad,Whightman,jwhightmanbg@instagram.com,$971.98,58,5/22/2023,1/12/2024
414,Elianore,Hourston,ehourstonbh@about.com,$1455.08,2,2/2/2024,7/20/2023
415,Carlotta,Hexam,chexambi@ucla.edu,$261.92,35,4/1/2023,2/19/2024
416,Ferrel,Worledge,fworledgebj@sbwire.com,$1797.65,16,10/19/2023,3/19/2024
417,Paulo,Kennerknecht,pkennerknechtbk@nsw.gov.au,$1878.86,47,11/7/2023,4/16/2023
418,Hortense,Ahrenius,hahreniusbl@photobucket.com,$951.41,46,2/24/2024,3/11/2024
419,Averyl,Bickley,abickleybm@meetup.com,$1740.69,34,7/12/2023,9/21/2023
420,Oneida,Matchitt,omatchittbn@google.nl,$1789.62,18,9/2/2023,3/27/2023
421,Kristina,Domone,kdomonebo@miibeian.gov.cn,$1391.42,95,2/4/2024,10/22/2023
422,Vinny,Graveson,vgravesonbp@mtv.com,$104.09,61,1/5/2024,10/2/2023
423,Geri,Dupree,gdupreebq@goo.gl,$552.15,91,6/25/2023,4/18/2023
424,Nate,Crotch,ncrotchbr@twitpic.com,$1818.94,58,4/20/2023,7/1/2023
425,Percival,Geare,pgearebs@taobao.com,$1144.16,26,5/20/2023,11/24/2023
426,Jade,Deverick,jdeverickbt@gravatar.com,$681.59,19,6/17/2023,11/8/2023
427,Milton,Blonden,mblondenbu@flickr.com,$240.17,33,2/19/2024,10/7/2023
428,Allistir,Rouke,aroukebv@theglobeandmail.com,$1068.60,3,7/2/2023,1/17/2024
429,Kathryn,Chappell,kchappellbw@51.la,$1992.10,8,3/19/2024,3/7/2024
430,Richy,Riseborough,rriseboroughbx@amazon.com,$871.55,53,9/17/2023,10/4/2023
431,Gregory,Cowdray,gcowdrayby@bandcamp.com,$1407.14,20,2/12/2024,12/9/2023
432,Tiffie,Macklam,tmacklambz@dailymail.co.uk,$295.03,84,11/24/2023,12/1/2023
433,Amargo,Simoni,asimonic0@gmpg.org,$1887.76,20,12/22/2023,6/26/2023
434,Prisca,Raubenheim,praubenheimc1@columbia.edu,$171.19,60,9/18/2023,5/18/2023
435,Theodosia,Vasyutochkin,tvasyutochkinc2@dagondesign.com,$126.34,25,7/14/2023,11/12/2023
436,Lyssa,Radeliffe,lradeliffec3@parallels.com,$565.89,45,7/7/2023,10/3/2023
437,Viki,Morhall,vmorhallc4@seattletimes.com,$1142.22,32,4/19/2023,9/15/2023
438,Codee,Pidduck,cpidduckc5@illinois.edu,$1856.53,8,6/21/2023,11/28/2023
439,Rudiger,Brislen,rbrislenc6@clickbank.net,$1819.73,13,1/2/2024,7/18/2023
440,Moore,Bortolazzi,mbortolazzic7@ebay.co.uk,$242.98,100,9/7/2023,2/19/2024
441,Trenton,Tyght,ttyghtc8@cdbaby.com,$1566.93,63,11/10/2023,10/25/2023
442,Pegeen,MacPaden,pmacpadenc9@nhs.uk,$1984.60,22,7/31/2023,4/12/2023
443,Raynor,Willmer,rwillmerca@fastcompany.com,$639.01,95,12/1/2023,1/3/2024
444,Berkly,MacPhail,bmacphailcb@amazon.de,$551.97,58,8/21/2023,12/22/2023
445,Craig,Splevings,csplevingscc@etsy.com,$1937.29,92,9/6/2023,5/24/2023
446,Preston,Steutly,psteutlycd@clickbank.net,$337.90,9,2/11/2024,9/19/2023
447,Marylee,Look,mlookce@gizmodo.com,$1378.39,96,1/4/2024,5/31/2023
448,Lory,Guppey,lguppeycf@tamu.edu,$689.84,42,4/19/2023,9/30/2023
449,Dugald,Van T'Hoog,dvanthoogcg@walmart.com,$1000.20,38,2/1/2024,1/3/2024
450,Flynn,Falla,ffallach@whitehouse.gov,$713.20,99,9/16/2023,12/10/2023
451,Xymenes,Hunting,xhuntingci@state.tx.us,$1980.99,22,9/17/2023,5/6/2023
452,Miguelita,Hinkley,mhinkleycj@java.com,$263.58,70,12/2/2023,12/20/2023
453,Kalindi,Jacqueminet,kjacqueminetck@sciencedirect.com,$1127.74,47,4/10/2023,12/17/2023
454,Burch,Hopkynson,bhopkynsoncl@usnews.com,$1537.98,34,7/5/2023,4/5/2023
455,Dixie,Rouchy,drouchycm@free.fr,$1070.98,51,8/19/2023,6/30/2023
456,Gerrard,Edgars,gedgarscn@hostgator.com,$558.81,13,3/21/2024,4/13/2023
457,Haven,Volet,hvoletco@icq.com,$590.95,10,5/31/2023,5/8/2023
458,Selestina,Moxson,smoxsoncp@behance.net,$1408.74,50,2/21/2024,6/3/2023
459,Gabriel,Bortolomei,gbortolomeicq@google.ru,$159.67,6,3/30/2023,7/24/2023
460,Monica,Janoch,mjanochcr@bloglines.com,$1141.70,79,5/15/2023,1/25/2024
461,Nickolai,Songist,nsongistcs@sitemeter.com,$1502.70,95,1/5/2024,3/15/2024
462,Michael,Hearson,mhearsonct@latimes.com,$1901.38,26,12/9/2023,9/19/2023
463,Krissy,Murdoch,kmurdochcu@discuz.net,$941.14,36,6/27/2023,6/15/2023
464,Karol,McColl,kmccollcv@pbs.org,$318.05,51,5/15/2023,2/15/2024
465,Tamarra,Cancelier,tcanceliercw@webeden.co.uk,$620.50,60,2/21/2024,5/20/2023
466,Duane,Tunsley,dtunsleycx@newsvine.com,$1652.23,21,2/22/2024,7/5/2023
467,Dynah,Saipy,dsaipycy@apache.org,$344.54,22,5/21/2023,9/4/2023
468,Vaughan,Arkle,varklecz@soundcloud.com,$1339.47,58,11/27/2023,2/4/2024
469,Mersey,Burbury,mburburyd0@ucsd.edu,$1872.26,16,8/14/2023,7/19/2023
470,Barry,Rendell,brendelld1@state.tx.us,$782.43,64,8/16/2023,6/28/2023
471,Viole,Berndsen,vberndsend2@usnews.com,$632.05,66,4/1/2023,8/19/2023
472,Dredi,Tailby,dtailbyd3@flavors.me,$1682.72,34,9/26/2023,3/1/2024
473,Brendan,Bibbie,bbibbied4@1688.com,$476.03,12,10/29/2023,10/10/2023
474,Sheppard,Muldowney,smuldowneyd5@newsvine.com,$1561.98,95,8/25/2023,9/28/2023
475,Rustie,Hynde,rhynded6@illinois.edu,$241.66,43,1/20/2024,10/21/2023
476,Odele,Duthie,oduthied7@lulu.com,$183.71,20,12/10/2023,4/11/2023
477,Elke,Whiff,ewhiffd8@infoseek.co.jp,$683.35,86,9/13/2023,11/18/2023
478,Arnuad,Abelwhite,aabelwhited9@apache.org,$264.56,13,7/27/2023,3/3/2024
479,Nerte,Bloxsom,nbloxsomda@independent.co.uk,$1601.36,38,6/12/2023,3/17/2024
480,Ailyn,Mayger,amaygerdb@stumbleupon.com,$1150.29,51,9/7/2023,12/25/2023
481,Melita,Brobyn,mbrobyndc@ebay.co.uk,$404.36,72,4/16/2023,6/24/2023
482,Puff,Gatheridge,pgatheridgedd@nytimes.com,$365.61,86,7/7/2023,4/8/2023
483,Rustin,Holhouse,rholhousede@domainmarket.com,$311.18,30,7/4/2023,12/28/2023
484,Lyssa,Talman,ltalmandf@europa.eu,$418.87,17,11/21/2023,2/11/2024
485,Theodosia,Hulland,thullanddg@spotify.com,$1265.84,42,5/26/2023,1/6/2024
486,Sawyer,Lunam,slunamdh@ocn.ne.jp,$1996.52,85,5/12/2023,10/17/2023
487,Kele,Rowlings,krowlingsdi@odnoklassniki.ru,$626.33,78,11/21/2023,12/22/2023
488,Chelsey,Vergine,cverginedj@twitpic.com,$1278.61,8,4/28/2023,11/24/2023
489,Roosevelt,McGroarty,rmcgroartydk@furl.net,$1376.01,46,2/2/2024,8/10/2023
490,Hamnet,Iacobacci,hiacobaccidl@trellian.com,$1830.73,96,11/6/2023,11/11/2023
491,Henrietta,Poncet,hponcetdm@bloglovin.com,$1556.60,94,6/19/2023,11/17/2023
492,Doug,O'Dea,dodeadn@umich.edu,$1231.94,49,1/6/2024,3/15/2024
493,Michale,Beneteau,mbeneteaudo@mozilla.com,$471.99,72,11/8/2023,11/22/2023
494,Field,Podd,fpodddp@census.gov,$1294.97,95,10/16/2023,3/19/2024
495,Brandise,Soper,bsoperdq@intel.com,$852.99,97,8/22/2023,5/9/2023
496,Shayna,Hapke,shapkedr@ameblo.jp,$170.32,10,11/14/2023,12/25/2023
497,Koenraad,Ailward,kailwardds@ning.com,$759.87,83,3/2/2024,11/27/2023
498,York,Irvin,yirvindt@themeforest.net,$544.82,92,11/27/2023,12/26/2023
499,Peggie,Olesen,polesendu@i2i.jp,$1555.27,19,11/3/2023,2/19/2024
500,Terrence,Paviour,tpaviourdv@blog.com,$277.03,38,11/1/2023,7/28/2023
501,Elsi,Gut,egutdw@utexas.edu,$1915.38,1,11/9/2023,1/27/2024
502,Jehu,Gonzalo,jgonzalodx@seattletimes.com,$976.81,32,2/27/2024,6/30/2023
503,Chen,Aulds,cauldsdy@google.co.uk,$1997.88,67,9/3/2023,7/29/2023
504,Emiline,Warlton,ewarltondz@networkadvertising.org,$1289.70,60,2/2/2024,4/9/2023
505,Aharon,Garnam,agarname0@drupal.org,$1919.90,41,5/10/2023,2/16/2024
506,Odie,Pummell,opummelle1@princeton.edu,$884.65,15,3/6/2024,9/3/2023
507,Valentijn,Adiscot,vadiscote2@mayoclinic.com,$709.98,92,12/5/2023,11/16/2023
508,Kennedy,Noen,knoene3@slate.com,$1584.68,42,7/4/2023,11/6/2023
509,Dulci,Newe,dnewee4@indiatimes.com,$730.27,50,5/23/2023,7/28/2023
510,Lauren,Rustman,lrustmane5@redcross.org,$401.25,23,9/17/2023,12/6/2023
511,Vi,Yockney,vyockneye6@wisc.edu,$1048.10,56,8/6/2023,9/24/2023
512,Kristel,Warnock,kwarnocke7@noaa.gov,$1470.15,10,5/6/2023,10/10/2023
513,Annie,Glacken,aglackene8@statcounter.com,$1592.06,73,1/21/2024,10/19/2023
514,Kat,Senogles,ksenoglese9@geocities.com,$802.53,61,7/19/2023,7/8/2023
515,Rossie,Preshaw,rpreshawea@apple.com,$779.69,28,8/28/2023,6/2/2023
516,Margit,Botha,mbothaeb@abc.net.au,$973.24,23,10/1/2023,7/12/2023
517,Dilly,Tock,dtockec@google.co.jp,$314.21,42,10/25/2023,5/26/2023
518,Rod,Sedgemond,rsedgemonded@mozilla.com,$573.71,77,9/24/2023,1/22/2024
519,Laurel,Rennox,lrennoxee@nationalgeographic.com,$1757.38,92,3/22/2024,9/15/2023
520,Fran,Stiebler,fstiebleref@quantcast.com,$1507.76,84,6/17/2023,8/18/2023
521,Benedicta,Murdoch,bmurdocheg@discuz.net,$107.20,14,3/2/2024,8/24/2023
522,Jeffie,Calcutt,jcalcutteh@google.pl,$847.95,88,12/9/2023,10/13/2023
523,Laurene,Duplain,lduplainei@wisc.edu,$574.02,30,1/23/2024,6/12/2023
524,Malina,Durkin,mdurkinej@vinaora.com,$1626.36,95,7/18/2023,4/5/2023
525,Ardelis,Twinborne,atwinborneek@vinaora.com,$795.51,22,10/5/2023,7/6/2023
526,Peggi,Fontell,pfontellel@de.vu,$1275.07,41,5/27/2023,12/15/2023
527,Sibley,Deignan,sdeignanem@umich.edu,$579.51,9,12/23/2023,10/1/2023
528,Tabbatha,Nehl,tnehlen@comcast.net,$1711.60,17,11/26/2023,12/4/2023
529,Rab,Kennady,rkennadyeo@pbs.org,$1849.61,56,12/9/2023,10/15/2023
530,Rurik,Wagerfield,rwagerfieldep@creativecommons.org,$1014.61,49,1/28/2024,5/14/2023
531,Alexandros,Holberry,aholberryeq@weibo.com,$116.88,62,4/25/2023,11/30/2023
532,Cello,Lefwich,clefwicher@tiny.cc,$416.29,13,2/20/2024,12/8/2023
533,Lona,Moens,lmoenses@engadget.com,$1452.16,60,4/18/2023,7/20/2023
534,Wini,Gaskell,wgaskellet@google.de,$1995.40,39,6/7/2023,2/12/2024
535,Marissa,Aizic,maiziceu@soundcloud.com,$526.81,44,8/1/2023,2/15/2024
536,Abbie,Hatje,ahatjeev@vk.com,$1455.60,15,6/24/2023,9/19/2023
537,Nert,Morgan,nmorganew@princeton.edu,$1144.73,33,8/1/2023,2/11/2024
538,Jan,Getten,jgettenex@google.cn,$1156.31,98,6/16/2023,11/27/2023
539,Donn,Greaterex,dgreaterexey@tumblr.com,$1356.32,22,12/30/2023,8/12/2023
540,Rachelle,Lundberg,rlundbergez@booking.com,$459.31,53,6/12/2023,5/24/2023
541,Langston,Parr,lparrf0@netlog.com,$1352.64,87,7/11/2023,2/2/2024
542,Ceil,Estcot,cestcotf1@smh.com.au,$1912.67,80,7/16/2023,9/12/2023
543,Jaime,Cadamy,jcadamyf2@exblog.jp,$881.31,86,4/27/2023,11/28/2023
544,Esme,Haythorn,ehaythornf3@dedecms.com,$1747.38,87,10/8/2023,4/4/2023
545,Jana,Coburn,jcoburnf4@smugmug.com,$177.04,58,4/26/2023,10/16/2023
546,Ethelin,Minigo,eminigof5@domainmarket.com,$872.27,71,7/28/2023,1/19/2024
547,Enid,McCarroll,emccarrollf6@chron.com,$1543.22,47,12/2/2023,6/14/2023
548,Arlyn,Chappelle,achappellef7@nymag.com,$1784.91,30,1/18/2024,6/10/2023
549,Isac,Almey,ialmeyf8@unblog.fr,$1689.72,63,2/9/2024,10/12/2023
550,Levi,Pargeter,lpargeterf9@timesonline.co.uk,$1964.68,100,7/11/2023,4/8/2023
551,Lauri,Cassimer,lcassimerfa@wufoo.com,$1798.60,54,2/4/2024,2/11/2024
552,Ray,Salzberger,rsalzbergerfb@mit.edu,$1854.14,75,12/24/2023,6/18/2023
553,Ganny,Roumier,groumierfc@liveinternet.ru,$1594.22,46,2/27/2024,4/14/2023
554,Dorette,MacParlan,dmacparlanfd@aboutads.info,$579.96,99,11/9/2023,1/11/2024
555,Arv,Barhem,abarhemfe@wikipedia.org,$1733.23,6,2/10/2024,6/18/2023
556,Ray,Whayman,rwhaymanff@jigsy.com,$1802.04,79,11/20/2023,5/24/2023
557,Kirk,Orta,kortafg@desdev.cn,$1534.07,43,10/6/2023,8/18/2023
558,Cody,Wisher,cwisherfh@mapquest.com,$490.22,58,10/7/2023,5/12/2023
559,Natalee,Stait,nstaitfi@ycombinator.com,$1482.01,45,8/28/2023,11/1/2023
560,Isiahi,Fynes,ifynesfj@deliciousdays.com,$1107.21,51,9/6/2023,7/1/2023
561,Nan,Ellacott,nellacottfk@princeton.edu,$1464.06,46,5/13/2023,6/7/2023
562,Nikki,Lidgett,nlidgettfl@forbes.com,$158.35,78,11/21/2023,9/22/2023
563,Hunt,Tomsu,htomsufm@uiuc.edu,$366.89,38,6/20/2023,5/28/2023
564,Faye,Korfmann,fkorfmannfn@cornell.edu,$678.92,19,12/4/2023,2/5/2024
565,Ardelis,Leiden,aleidenfo@comsenz.com,$1038.77,86,6/19/2023,2/27/2024
566,Judd,Jessel,jjesselfp@bloomberg.com,$1301.61,4,6/19/2023,3/13/2024
567,Martie,Pannaman,mpannamanfq@unblog.fr,$184.18,79,3/14/2024,12/23/2023
568,Vita,Stute,vstutefr@storify.com,$162.41,2,8/15/2023,11/16/2023
569,Cassie,Rasper,crasperfs@marriott.com,$1357.96,79,11/16/2023,2/9/2024
570,Victor,Jestico,vjesticoft@mtv.com,$1366.33,92,8/10/2023,2/19/2024
571,Tami,Forcade,tforcadefu@auda.org.au,$986.10,26,10/13/2023,12/28/2023
572,Agneta,Antyshev,aantyshevfv@whitehouse.gov,$1462.24,95,6/17/2023,8/15/2023
573,Carlota,Yanyushkin,cyanyushkinfw@mapquest.com,$1203.49,18,9/28/2023,1/20/2024
574,Gaelan,Greenig,ggreenigfx@google.co.uk,$103.57,90,8/3/2023,8/28/2023
575,Weider,Gladdin,wgladdinfy@wsj.com,$916.53,81,9/16/2023,4/18/2023
576,Tuckie,Ruppeli,truppelifz@discuz.net,$202.72,16,4/9/2023,7/27/2023
577,Shaylah,Yandell,syandellg0@nba.com,$644.35,57,4/28/2023,3/26/2023
578,Beth,Lobell,blobellg1@sitemeter.com,$703.51,68,4/22/2023,12/13/2023
579,Shina,Lathwood,slathwoodg2@blinklist.com,$1525.17,57,4/15/2023,1/5/2024
580,Avril,Simeonov,asimeonovg3@wikispaces.com,$1219.04,84,10/19/2023,5/2/2023
581,Ricky,Norcross,rnorcrossg4@webnode.com,$1732.62,22,11/10/2023,3/2/2024
582,Elliot,Jull,ejullg5@paypal.com,$1640.17,45,4/27/2023,11/9/2023
583,Arlen,Joincey,ajoinceyg6@simplemachines.org,$130.02,97,6/29/2023,8/8/2023
584,Randy,Benoey,rbenoeyg7@hubpages.com,$1656.39,2,3/19/2024,9/11/2023
585,Mora,Trainer,mtrainerg8@paginegialle.it,$1720.25,35,7/29/2023,2/22/2024
586,Cherianne,Brightey,cbrighteyg9@cornell.edu,$712.63,50,5/10/2023,10/18/2023
587,Joeann,Betje,jbetjega@aol.com,$1982.79,9,2/12/2024,1/14/2024
588,Fons,Ricciardo,fricciardogb@tuttocitta.it,$218.04,18,8/1/2023,6/10/2023
589,Olin,Pankhurst.,opankhurstgc@hp.com,$1097.88,55,3/23/2024,12/17/2023
590,Theodora,Gillivrie,tgillivriegd@multiply.com,$1783.12,71,5/23/2023,1/27/2024
591,Guillema,Arro,garroge@jugem.jp,$1296.70,87,12/26/2023,2/12/2024
592,Sonnie,Batterbee,sbatterbeegf@1688.com,$1152.07,81,4/27/2023,4/4/2023
593,Giraldo,Erricker,gerrickergg@stumbleupon.com,$1794.69,62,2/2/2024,11/25/2023
594,Meg,Setterthwait,msetterthwaitgh@unblog.fr,$1914.15,56,4/30/2023,3/2/2024
595,Thom,Schruurs,tschruursgi@state.gov,$579.12,67,3/1/2024,1/16/2024
596,Beau,Cristofvao,bcristofvaogj@sina.com.cn,$998.19,52,7/27/2023,2/4/2024
597,Loutitia,Gooms,lgoomsgk@foxnews.com,$911.58,70,6/13/2023,1/26/2024
598,Dillon,Leaver,dleavergl@cnet.com,$508.06,14,5/25/2023,7/26/2023
599,Alric,Geeves,ageevesgm@tinypic.com,$1746.09,52,10/11/2023,5/11/2023
600,Morey,Readshall,mreadshallgn@cocolog-nifty.com,$1027.68,66,4/7/2023,11/13/2023
601,Jennette,Staite,jstaitego@smh.com.au,$1597.80,23,8/24/2023,4/23/2023
602,Filippo,Cankett,fcankettgp@dmoz.org,$185.09,33,1/23/2024,1/23/2024
603,Dollie,Lindmark,dlindmarkgq@google.com.au,$1535.74,24,1/24/2024,9/23/2023
604,Chris,Ackers,cackersgr@yellowbook.com,$1234.41,44,11/10/2023,5/23/2023
605,Catharine,Suffield,csuffieldgs@paypal.com,$1318.19,18,10/14/2023,11/9/2023
606,Mohandis,Antley,mantleygt@qq.com,$561.96,44,5/9/2023,10/14/2023
607,Araldo,Bozier,aboziergu@disqus.com,$1642.63,41,12/7/2023,8/9/2023
608,Hunt,Atteridge,hatteridgegv@plala.or.jp,$1762.41,98,6/10/2023,12/10/2023
609,Carolan,Pettecrew,cpettecrewgw@ow.ly,$1918.19,32,3/26/2023,2/4/2024
610,Ximenes,Kestle,xkestlegx@state.tx.us,$974.16,78,3/3/2024,3/24/2024
611,Mark,Beccero,mbeccerogy@wikispaces.com,$1055.15,2,11/10/2023,8/26/2023
612,Layne,Stede,lstedegz@scientificamerican.com,$680.92,61,6/17/2023,8/11/2023
613,Lovell,Menpes,lmenpesh0@ihg.com,$389.77,23,3/19/2024,1/7/2024
614,Gabriellia,Hulse,ghulseh1@nsw.gov.au,$252.47,92,1/22/2024,7/22/2023
615,Banky,Purrington,bpurringtonh2@mit.edu,$974.15,86,8/8/2023,11/23/2023
616,Sigismundo,Moisey,smoiseyh3@illinois.edu,$1723.52,76,8/27/2023,6/19/2023
617,Rustie,Pretsel,rpretselh4@cbslocal.com,$1389.41,91,2/5/2024,10/9/2023
618,Gordie,Olech,golechh5@webeden.co.uk,$997.76,74,12/10/2023,5/28/2023
619,Persis,Wycherley,pwycherleyh6@so-net.ne.jp,$1336.44,5,2/13/2024,3/24/2024
620,Bobbee,Hathorn,bhathornh7@craigslist.org,$1866.00,18,1/21/2024,5/31/2023
621,Kaleb,Trowel,ktrowelh8@webeden.co.uk,$1736.79,7,4/9/2023,1/12/2024
622,Emmit,Askwith,easkwithh9@cmu.edu,$1144.89,87,1/27/2024,12/6/2023
623,Correna,Herkess,cherkessha@multiply.com,$1440.87,16,12/11/2023,3/25/2023
624,Mitch,Axell,maxellhb@theatlantic.com,$1393.85,63,6/6/2023,11/1/2023
625,Cyndia,Goodsall,cgoodsallhc@businessweek.com,$1112.33,53,8/14/2023,4/5/2023
626,Karl,Hirtz,khirtzhd@ycombinator.com,$1284.49,95,9/10/2023,2/2/2024
627,Marin,Salerno,msalernohe@abc.net.au,$1217.09,78,2/7/2024,10/19/2023
628,L;urette,Pegler,lpeglerhf@slideshare.net,$670.93,55,11/24/2023,7/24/2023
629,Betty,Kelle,bkellehg@spotify.com,$1687.62,87,2/2/2024,9/19/2023
630,Nathanil,Babbe,nbabbehh@addtoany.com,$1575.28,48,6/29/2023,7/27/2023
631,Brander,Delany,bdelanyhi@rambler.ru,$319.92,69,2/8/2024,9/25/2023
632,Sella,Fraczek,sfraczekhj@webnode.com,$518.49,81,1/19/2024,6/30/2023
633,Gare,Saltsberg,gsaltsberghk@wix.com,$1444.89,87,1/29/2024,4/8/2023
634,Fairlie,Albon,falbonhl@xing.com,$1760.01,6,6/28/2023,2/29/2024
635,Sherilyn,Baldcock,sbaldcockhm@ucoz.com,$1807.50,89,11/4/2023,5/5/2023
636,Albie,Arnaudet,aarnaudethn@gov.uk,$1227.39,45,9/3/2023,4/6/2023
637,Hobie,McKiernan,hmckiernanho@technorati.com,$1276.06,44,12/19/2023,11/15/2023
638,Darcie,Knifton,dkniftonhp@wordpress.org,$334.24,28,1/20/2024,6/6/2023
639,Angelia,Tythacott,atythacotthq@biglobe.ne.jp,$1095.90,12,11/29/2023,6/25/2023
640,Morganne,Ohm,mohmhr@g.co,$808.05,96,9/14/2023,10/1/2023
641,Christian,Kliemann,ckliemannhs@mtv.com,$1106.95,34,4/9/2023,1/17/2024
642,Bryant,Hallmark,bhallmarkht@sina.com.cn,$981.61,8,4/17/2023,5/3/2023
643,Irwin,Pegden,ipegdenhu@infoseek.co.jp,$275.01,11,2/7/2024,12/29/2023
644,Jackqueline,Tippett,jtippetthv@imdb.com,$1482.10,4,3/26/2023,8/9/2023
645,Avrom,Pietrusiak,apietrusiakhw@twitter.com,$1155.44,24,4/24/2023,1/30/2024
646,Alistair,Alexsandrowicz,aalexsandrowiczhx@newsvine.com,$385.05,68,11/7/2023,3/19/2024
647,Eleanor,Camocke,ecamockehy@posterous.com,$660.74,30,11/11/2023,12/31/2023
648,Sax,Massow,smassowhz@cmu.edu,$138.97,16,7/24/2023,7/14/2023
649,Derk,Khan,dkhani0@army.mil,$1554.96,46,8/19/2023,7/5/2023
650,Gusti,Fenty,gfentyi1@php.net,$813.46,58,9/13/2023,7/7/2023
651,Sigismond,Wagenen,swageneni2@oaic.gov.au,$1597.50,34,6/15/2023,4/24/2023
652,Paulie,Lodin,plodini3@usgs.gov,$1341.75,21,2/28/2024,11/13/2023
653,Annabell,Baswall,abaswalli4@g.co,$1095.97,66,6/20/2023,1/24/2024
654,Wendie,Brinkman,wbrinkmani5@dell.com,$1776.32,20,1/29/2024,6/4/2023
655,Belia,Aust,bausti6@nytimes.com,$910.72,20,4/26/2023,6/2/2023
656,Alysia,Marvelley,amarvelleyi7@buzzfeed.com,$1732.13,6,7/14/2023,5/15/2023
657,Walker,Allitt,wallitti8@unicef.org,$1623.07,42,11/27/2023,2/4/2024
658,Massimo,Rasell,mraselli9@bloomberg.com,$893.07,94,6/6/2023,10/12/2023
659,Petunia,Altree,paltreeia@go.com,$1992.11,17,7/3/2023,4/18/2023
660,Henrietta,Indruch,hindruchib@sohu.com,$597.38,17,9/22/2023,1/17/2024
661,Shayna,Dinnies,sdinniesic@cornell.edu,$649.47,58,1/21/2024,9/7/2023
662,Frannie,Mannix,fmannixid@washington.edu,$147.31,80,3/10/2024,12/10/2023
663,Alfy,Kitchinghan,akitchinghanie@vistaprint.com,$727.51,34,4/7/2023,10/7/2023
664,Thaxter,Worsnup,tworsnupif@taobao.com,$304.33,83,9/26/2023,5/20/2023
665,Mason,Ginglell,mginglellig@purevolume.com,$932.33,3,11/9/2023,11/12/2023
666,Francoise,Gilhooley,fgilhooleyih@networkadvertising.org,$1264.07,95,4/6/2023,10/20/2023
667,Babb,Toseland,btoselandii@comcast.net,$623.71,8,1/6/2024,1/23/2024
668,Belvia,Ogle,bogleij@prweb.com,$1866.62,85,6/2/2023,11/7/2023
669,Lynnet,Easson,leassonik@ifeng.com,$1142.64,91,3/14/2024,12/2/2023
670,Zach,Prazor,zprazoril@google.co.uk,$604.58,76,8/29/2023,1/19/2024
671,Bryn,Firmager,bfirmagerim@quantcast.com,$1706.33,18,8/29/2023,12/30/2023
672,Mavis,Errichelli,merrichelliin@mozilla.com,$1804.98,73,12/28/2023,4/23/2023
673,Rockey,Fennelly,rfennellyio@archive.org,$546.72,2,6/7/2023,4/28/2023
674,Cammy,Hillam,chillamip@4shared.com,$129.72,13,3/13/2024,11/11/2023
675,Amalle,Uvedale,auvedaleiq@gnu.org,$307.47,19,4/11/2023,6/19/2023
676,Kiel,Johnke,kjohnkeir@ustream.tv,$1956.17,97,9/11/2023,9/22/2023
677,Hillary,McGettigan,hmcgettiganis@angelfire.com,$1118.97,22,8/17/2023,8/30/2023
678,Nestor,Hookes,nhookesit@wikipedia.org,$817.37,12,1/16/2024,5/2/2023
679,Jo-anne,Scohier,jscohieriu@europa.eu,$1774.96,12,8/16/2023,4/29/2023
680,Arlinda,Blint,ablintiv@jalbum.net,$1281.29,45,6/11/2023,5/25/2023
681,Tildie,Alldritt,talldrittiw@paginegialle.it,$889.00,92,11/13/2023,5/13/2023
682,Fredi,Whiteman,fwhitemanix@devhub.com,$741.50,63,10/27/2023,6/26/2023
683,Thorny,Emmerson,temmersoniy@nyu.edu,$1910.96,21,10/12/2023,6/14/2023
684,Eileen,Geharke,egeharkeiz@europa.eu,$152.23,14,12/9/2023,6/23/2023
685,Randie,Aldous,raldousj0@yelp.com,$1976.71,82,11/4/2023,1/17/2024
686,Esta,Scheffel,escheffelj1@ucoz.com,$1966.75,73,7/31/2023,3/8/2024
687,Nathanial,MacNeish,nmacneishj2@edublogs.org,$1574.15,57,11/17/2023,6/7/2023
688,Maggi,Hagger,mhaggerj3@statcounter.com,$1909.93,49,5/14/2023,3/6/2024
689,Rickie,Goodings,rgoodingsj4@whitehouse.gov,$1800.05,82,3/5/2024,2/16/2024
690,Vi,Jermy,vjermyj5@parallels.com,$1753.45,81,2/16/2024,9/11/2023
691,Kiley,Torvey,ktorveyj6@sun.com,$417.40,10,8/28/2023,1/2/2024
692,Tommi,Magson,tmagsonj7@businesswire.com,$1809.78,66,11/20/2023,8/29/2023
693,Dudley,Raspison,draspisonj8@google.de,$1706.55,81,3/10/2024,12/17/2023
694,Letti,McTavy,lmctavyj9@java.com,$1456.71,26,9/19/2023,2/20/2024
695,Glenda,Blain,gblainja@artisteer.com,$378.73,46,4/12/2023,10/29/2023
696,Gayleen,Comelini,gcomelinijb@trellian.com,$1580.28,7,12/10/2023,5/5/2023
697,Naomi,Reston,nrestonjc@de.vu,$1905.71,44,3/26/2023,5/13/2023
698,Bella,Enterlein,benterleinjd@theglobeandmail.com,$1231.88,97,6/17/2023,10/13/2023
699,Rollo,Lehrahan,rlehrahanje@opensource.org,$287.98,50,12/2/2023,7/30/2023
700,Arvin,Stembridge,astembridgejf@blogs.com,$1715.77,90,12/4/2023,5/22/2023
701,Ethyl,Kasman,ekasmanjg@is.gd,$281.03,28,10/3/2023,4/22/2023
702,Kimberlyn,De Cruz,kdecruzjh@house.gov,$186.27,98,8/6/2023,5/11/2023
703,Lisabeth,Ferrarese,lferrareseji@tripod.com,$1460.50,68,12/27/2023,2/27/2024
704,Fitzgerald,Aronovich,faronovichjj@edublogs.org,$403.98,12,7/6/2023,8/18/2023
705,Lucias,Kupka,lkupkajk@ameblo.jp,$986.84,28,9/1/2023,5/1/2023
706,Lisa,Bugby,lbugbyjl@pbs.org,$1141.60,19,2/3/2024,10/19/2023
707,Bucky,Gadd,bgaddjm@mapy.cz,$452.16,97,3/30/2023,12/8/2023
708,Britney,Novak,bnovakjn@jugem.jp,$309.89,9,12/13/2023,9/7/2023
709,Zara,Joder,zjoderjo@huffingtonpost.com,$1978.88,24,4/14/2023,6/20/2023
710,Raddie,Cromley,rcromleyjp@creativecommons.org,$1997.34,80,10/11/2023,4/6/2023
711,Caressa,Andover,candoverjq@skype.com,$1841.07,26,8/15/2023,12/12/2023
712,Klara,Scafe,kscafejr@topsy.com,$672.56,95,3/9/2024,5/16/2023
713,Beverie,Rabbitts,brabbittsjs@intel.com,$929.27,83,9/17/2023,2/28/2024
714,Court,Chumley,cchumleyjt@123-reg.co.uk,$910.32,80,7/23/2023,1/28/2024
715,Igor,Hollerin,ihollerinju@domainmarket.com,$542.54,92,5/9/2023,1/26/2024
716,Camella,Gillease,cgilleasejv@360.cn,$1228.74,45,2/7/2024,12/2/2023
717,Willa,Sweetland,wsweetlandjw@vimeo.com,$1703.83,8,11/23/2023,9/22/2023
718,Ginelle,Sambals,gsambalsjx@paypal.com,$833.15,64,5/2/2023,12/23/2023
719,Eilis,Figgures,efigguresjy@mysql.com,$287.64,96,3/20/2024,10/15/2023
720,Felita,Bresland,fbreslandjz@alexa.com,$674.68,16,1/25/2024,11/4/2023
721,Tobin,McCarlich,tmccarlichk0@macromedia.com,$779.17,42,3/22/2024,10/28/2023
722,Mill,Cotman,mcotmank1@telegraph.co.uk,$1765.32,33,12/16/2023,5/27/2023
723,Lane,Spencer,lspencerk2@twitter.com,$1123.76,84,1/15/2024,3/15/2024
724,Birgit,Vial,bvialk3@e-recht24.de,$1673.09,71,10/9/2023,10/6/2023
725,Glyn,Lever,gleverk4@symantec.com,$1533.33,7,3/29/2023,4/24/2023
726,Franny,Gales,fgalesk5@clickbank.net,$1112.16,14,7/2/2023,6/13/2023
727,Gran,Sysland,gsyslandk6@biblegateway.com,$1754.09,32,7/16/2023,2/7/2024
728,Rudy,Boerder,rboerderk7@nifty.com,$1434.98,15,9/18/2023,12/14/2023
729,Viva,Hatchette,vhatchettek8@nsw.gov.au,$989.60,69,11/12/2023,7/11/2023
730,Allison,Gowdie,agowdiek9@edublogs.org,$711.66,70,2/26/2024,7/16/2023
731,Brad,Sexton,bsextonka@imgur.com,$501.47,26,7/4/2023,8/15/2023
732,Lyndell,Rayman,lraymankb@amazon.com,$1631.11,49,7/27/2023,12/16/2023
733,Gunar,Lindro,glindrokc@washingtonpost.com,$1125.15,85,4/23/2023,10/25/2023
734,Montague,Wills,mwillskd@github.io,$122.41,5,8/31/2023,4/16/2023
735,Tabbitha,Caustic,tcausticke@shareasale.com,$505.65,52,11/21/2023,2/9/2024
736,Edmon,Gammons,egammonskf@google.it,$548.21,80,12/2/2023,11/15/2023
737,Abdul,Konerding,akonerdingkg@mlb.com,$412.30,22,7/1/2023,12/24/2023
738,Nettle,Blayd,nblaydkh@1und1.de,$1031.10,67,7/16/2023,2/2/2024
739,Felic,Sedgemond,fsedgemondki@t-online.de,$1595.96,20,10/29/2023,12/10/2023
740,Kerrie,Herkess,kherkesskj@google.fr,$920.55,83,12/7/2023,2/22/2024
741,Theodora,Blankett,tblankettkk@telegraph.co.uk,$157.64,18,9/18/2023,5/16/2023
742,Bernie,Tupper,btupperkl@chronoengine.com,$1515.16,74,6/6/2023,9/29/2023
743,Jackie,Haworth,jhaworthkm@is.gd,$831.23,85,9/7/2023,4/27/2023
744,Marilyn,Netti,mnettikn@imageshack.us,$492.62,72,9/14/2023,1/8/2024
745,Beltran,Govey,bgoveyko@elpais.com,$1009.37,68,6/24/2023,10/11/2023
746,Artemis,Balling,aballingkp@nationalgeographic.com,$852.83,34,10/11/2023,4/5/2023
747,Myra,Chattoe,mchattoekq@cnet.com,$1118.21,11,11/17/2023,1/15/2024
748,Fan,Bresland,fbreslandkr@tripadvisor.com,$851.53,44,7/24/2023,12/28/2023
749,Minor,Hailwood,mhailwoodks@adobe.com,$210.97,10,5/23/2023,11/27/2023
750,Marthena,Giller,mgillerkt@g.co,$1172.91,22,2/25/2024,9/19/2023
751,Derwin,Ping,dpingku@networkadvertising.org,$658.95,44,9/23/2023,10/29/2023
752,Corny,Itzhaiek,citzhaiekkv@baidu.com,$1103.52,53,7/24/2023,8/18/2023
753,Zack,Blankau,zblankaukw@google.co.jp,$1604.68,73,12/11/2023,5/10/2023
754,Lisette,Goss,lgosskx@ihg.com,$448.67,39,7/26/2023,11/17/2023
755,Josefa,Dash,jdashky@google.ca,$1565.30,78,11/6/2023,6/29/2023
756,Heddi,Clemitt,hclemittkz@redcross.org,$724.55,85,1/21/2024,1/13/2024
757,Rahal,O'Docherty,rodochertyl0@boston.com,$775.57,13,11/1/2023,6/24/2023
758,Scottie,deKnevet,sdeknevetl1@google.com.br,$1043.68,45,11/13/2023,4/16/2023
759,Vernen,Semper,vsemperl2@diigo.com,$1944.86,95,7/4/2023,1/24/2024
760,Roanna,Dorre,rdorrel3@usda.gov,$1235.03,18,6/26/2023,9/23/2023
761,Jens,Edginton,jedgintonl4@google.pl,$498.88,68,7/16/2023,7/11/2023
762,Zorana,Lound,zloundl5@msu.edu,$1458.99,54,10/26/2023,4/5/2023
763,Evelyn,O'Brogane,eobroganel6@xinhuanet.com,$1454.23,79,4/26/2023,6/5/2023
764,Jonathon,Pourveer,jpourveerl7@china.com.cn,$959.00,69,8/6/2023,12/1/2023
765,Michel,Pedwell,mpedwelll8@state.tx.us,$335.09,98,3/27/2023,7/29/2023
766,Appolonia,Woodburne,awoodburnel9@technorati.com,$558.94,31,6/21/2023,2/4/2024
767,Eli,Urpeth,eurpethla@state.gov,$1188.03,43,4/26/2023,4/19/2023
768,Cherey,Dearnaley,cdearnaleylb@hao123.com,$1999.07,91,8/2/2023,7/19/2023
769,Ilario,Cotter,icotterlc@cnet.com,$806.09,54,10/17/2023,7/14/2023
770,Dody,Vassar,dvassarld@pbs.org,$1460.73,17,5/16/2023,12/12/2023
771,Myrvyn,Gilbert,mgilbertle@lulu.com,$357.93,46,8/4/2023,4/29/2023
772,Celina,Silversmidt,csilversmidtlf@independent.co.uk,$309.41,86,8/20/2023,2/10/2024
773,Mora,Fedorski,mfedorskilg@reference.com,$423.04,54,12/25/2023,3/16/2024
774,Milissent,Locket,mlocketlh@tripod.com,$357.37,26,4/23/2023,10/8/2023
775,Abdul,Fantham,afanthamli@squarespace.com,$1210.86,57,10/13/2023,8/22/2023
776,Dino,Joontjes,djoontjeslj@vk.com,$745.73,76,1/30/2024,8/23/2023
777,Kelley,O'Fihily,kofihilylk@simplemachines.org,$656.70,24,7/22/2023,12/16/2023
778,Correy,Roebottom,croebottomll@amazon.com,$774.88,36,2/21/2024,1/2/2024
779,Thayne,Springham,tspringhamlm@uol.com.br,$616.12,28,1/1/2024,8/12/2023
780,Bartel,Gierok,bgierokln@stanford.edu,$1228.36,18,9/1/2023,5/11/2023
781,Herby,Spensly,hspenslylo@google.com,$463.03,3,10/9/2023,10/27/2023
782,Alma,Koene,akoenelp@printfriendly.com,$163.96,86,12/20/2023,11/12/2023
783,Kaia,Castro,kcastrolq@sakura.ne.jp,$909.92,66,1/24/2024,11/29/2023
784,Cyndi,Willars,cwillarslr@php.net,$820.32,95,5/17/2023,2/21/2024
785,Cleon,Tabb,ctabbls@altervista.org,$524.07,55,2/12/2024,1/28/2024
786,Kendre,Thick,kthicklt@edublogs.org,$1504.34,8,5/11/2023,1/12/2024
787,Nora,Stride,nstridelu@cisco.com,$1540.19,65,10/14/2023,9/2/2023
788,Randall,Yeowell,ryeowelllv@wikispaces.com,$303.76,46,3/3/2024,1/13/2024
789,Douglas,Bangley,dbangleylw@washingtonpost.com,$853.79,61,9/13/2023,7/12/2023
790,Brodie,Marney,bmarneylx@abc.net.au,$991.06,88,4/18/2023,1/3/2024
791,Cyrus,Coldbathe,ccoldbathely@jigsy.com,$1120.02,89,5/19/2023,6/9/2023
792,Valerie,Brew,vbrewlz@upenn.edu,$677.63,87,8/25/2023,11/28/2023
793,Glynnis,Sprigg,gspriggm0@berkeley.edu,$1640.27,16,2/9/2024,3/26/2023
794,Jordanna,Northey,jnortheym1@tumblr.com,$720.06,65,8/27/2023,8/30/2023
795,Hussein,Spancock,hspancockm2@salon.com,$361.78,29,6/19/2023,2/28/2024
796,Timmie,Dane,tdanem3@vinaora.com,$1522.97,92,9/17/2023,10/31/2023
797,Leah,Glitherow,lglitherowm4@ucsd.edu,$503.62,90,4/16/2023,12/21/2023
798,Sarine,Pyatt,spyattm5@surveymonkey.com,$953.78,47,5/31/2023,2/12/2024
799,Kent,Terzza,kterzzam6@wsj.com,$1970.37,60,2/8/2024,12/6/2023
800,Yulma,Jennions,yjennionsm7@dyndns.org,$1917.83,60,3/3/2024,12/7/2023
801,Jarrad,Sute,jsutem8@delicious.com,$1138.05,77,12/16/2023,3/25/2023
802,Patric,Czapla,pczaplam9@g.co,$1210.01,74,7/30/2023,12/9/2023
803,Nissy,Churchin,nchurchinma@yellowbook.com,$1577.19,59,12/15/2023,7/5/2023
804,Anatola,Wardingly,awardinglymb@about.me,$1733.24,49,9/13/2023,12/17/2023
805,Ber,Yosevitz,byosevitzmc@tinyurl.com,$1084.46,56,5/9/2023,12/4/2023
806,Gillan,Arnefield,garnefieldmd@gizmodo.com,$777.20,99,4/16/2023,11/4/2023
807,Karola,Sapwell,ksapwellme@yellowbook.com,$587.95,41,5/1/2023,8/9/2023
808,Griffie,Tryhorn,gtryhornmf@storify.com,$1784.44,9,11/21/2023,7/23/2023
809,Monro,Udie,mudiemg@shinystat.com,$1616.08,14,9/2/2023,11/9/2023
810,Erwin,Blastock,eblastockmh@ustream.tv,$847.33,92,3/17/2024,6/26/2023
811,Manfred,Romaine,mromainemi@independent.co.uk,$1086.15,85,5/29/2023,1/1/2024
812,Torrey,Longbottom,tlongbottommj@live.com,$224.50,43,1/29/2024,6/8/2023
813,Vincent,Decourcy,vdecourcymk@is.gd,$419.49,74,6/25/2023,8/31/2023
814,Byran,Kleimt,bkleimtml@weibo.com,$1875.05,12,7/19/2023,1/7/2024
815,Celka,Timoney,ctimoneymm@over-blog.com,$1427.94,73,9/17/2023,2/11/2024
816,Morey,Lief,mliefmn@wisc.edu,$1227.35,80,10/22/2023,3/1/2024
817,Magdalen,Baldi,mbaldimo@alexa.com,$864.25,21,5/16/2023,2/4/2024
818,Myca,Rothwell,mrothwellmp@xing.com,$424.40,22,7/12/2023,2/29/2024
819,Odell,Husband,ohusbandmq@scribd.com,$1557.61,4,3/15/2024,3/21/2024
820,Michell,Mauro,mmauromr@psu.edu,$369.04,36,6/11/2023,1/28/2024
821,Lars,Burde,lburdems@woothemes.com,$276.79,30,8/2/2023,1/18/2024
822,Ichabod,Cottham,icotthammt@imdb.com,$707.20,98,9/22/2023,12/5/2023
823,Angelo,Coatsworth,acoatsworthmu@live.com,$921.25,10,12/4/2023,1/8/2024
824,Yolande,Albury,yalburymv@seesaa.net,$1110.96,1,5/1/2023,8/10/2023
825,Taddeusz,Penke,tpenkemw@drupal.org,$152.46,70,5/2/2023,2/13/2024
826,Grethel,Scourfield,gscourfieldmx@chron.com,$1937.15,41,12/12/2023,1/6/2024
827,Merrel,Kohneke,mkohnekemy@oracle.com,$585.28,96,1/6/2024,1/18/2024
828,Lynn,Vidyapin,lvidyapinmz@themeforest.net,$1455.58,67,5/4/2023,6/4/2023
829,Bran,Warkup,bwarkupn0@illinois.edu,$887.73,3,7/5/2023,7/8/2023
830,Franky,Mark,fmarkn1@acquirethisname.com,$340.64,91,5/10/2023,1/5/2024
831,Winna,Malimoe,wmalimoen2@economist.com,$1240.23,27,10/29/2023,5/29/2023
832,Kristy,Hegge,kheggen3@ustream.tv,$1078.22,93,9/29/2023,3/18/2024
833,Humfrey,Alexis,halexisn4@feedburner.com,$1418.77,36,3/3/2024,2/25/2024
834,Christin,Yarnton,cyarntonn5@wufoo.com,$368.11,61,5/18/2023,3/14/2024
835,Ferdinande,McCarthy,fmccarthyn6@dot.gov,$1658.24,35,11/28/2023,8/6/2023
836,Zorine,Ramel,zrameln7@home.pl,$1891.10,6,10/4/2023,3/2/2024
837,Mal,de Savery,mdesaveryn8@xrea.com,$647.20,34,4/14/2023,7/3/2023
838,Errol,Raitt,eraittn9@statcounter.com,$1700.61,68,9/3/2023,2/24/2024
839,Teddie,Blyde,tblydena@hubpages.com,$447.00,100,12/28/2023,7/21/2023
840,Melicent,George,mgeorgenb@bandcamp.com,$134.74,87,6/16/2023,9/29/2023
841,Issie,Yakob,iyakobnc@cbc.ca,$1516.88,37,2/15/2024,8/10/2023
842,Lynnea,McCague,lmccaguend@latimes.com,$836.93,73,9/12/2023,7/15/2023
843,Geoffrey,Liverseege,gliverseegene@github.com,$603.58,61,9/7/2023,7/30/2023
844,Jayson,Caulder,jcauldernf@liveinternet.ru,$1680.88,29,4/27/2023,4/9/2023
845,Cordell,Hacquard,chacquardng@auda.org.au,$443.54,28,10/14/2023,5/31/2023
846,Viole,Dolle,vdollenh@upenn.edu,$1331.81,23,6/14/2023,2/5/2024
847,Krystyna,Korting,kkortingni@stanford.edu,$1183.06,72,9/19/2023,9/24/2023
848,Uta,Blaschke,ublaschkenj@list-manage.com,$1517.01,92,2/4/2024,8/13/2023
849,Byrle,Leeder,bleedernk@fc2.com,$1751.97,65,6/4/2023,6/26/2023
850,Burke,Wasselin,bwasselinnl@examiner.com,$1360.36,2,1/27/2024,10/26/2023
851,Tremaine,Lamperti,tlampertinm@posterous.com,$1811.38,3,6/12/2023,6/12/2023
852,Timothea,Brumhead,tbrumheadnn@answers.com,$1505.41,50,12/7/2023,2/21/2024
853,Aldus,Akehurst,aakehurstno@technorati.com,$1783.30,24,7/19/2023,6/11/2023
854,Neddie,Francke,nfranckenp@opensource.org,$829.38,76,5/30/2023,5/14/2023
855,Kacy,Elwyn,kelwynnq@sourceforge.net,$1661.69,41,7/21/2023,7/1/2023
856,Adelheid,Jagg,ajaggnr@last.fm,$701.25,95,2/29/2024,6/23/2023
857,Trula,Symon,tsymonns@dyndns.org,$997.38,48,12/5/2023,3/28/2023
858,Ryley,Bellhanger,rbellhangernt@goo.gl,$243.90,89,3/25/2023,4/8/2023
859,Lowe,Cahalan,lcahalannu@usnews.com,$1695.19,30,8/17/2023,6/18/2023
860,Jarad,Grigoriev,jgrigorievnv@xrea.com,$939.06,94,3/31/2023,4/20/2023
861,Onfre,Crudge,ocrudgenw@storify.com,$1892.97,60,7/31/2023,4/16/2023
862,Reidar,Mowson,rmowsonnx@dmoz.org,$1522.24,39,3/1/2024,2/12/2024
863,Sonnie,Espino,sespinony@ucoz.ru,$621.62,62,5/8/2023,5/12/2023
864,Nike,Dovinson,ndovinsonnz@hibu.com,$796.74,77,4/15/2023,4/30/2023
865,Weidar,Checklin,wchecklino0@oaic.gov.au,$477.21,96,11/10/2023,4/17/2023
866,Bartholomeo,Stainsby,bstainsbyo1@example.com,$784.92,52,2/12/2024,10/16/2023
867,Obadias,Lanceter,olancetero2@parallels.com,$1703.78,23,12/12/2023,6/14/2023
868,Freedman,Poynzer,fpoynzero3@hibu.com,$478.65,65,11/6/2023,7/24/2023
869,Smitty,Cortes,scorteso4@boston.com,$867.22,77,10/28/2023,5/5/2023
870,Karilynn,Gush,kgusho5@slashdot.org,$866.76,59,11/16/2023,9/9/2023
871,Dominica,Arrell,darrello6@uol.com.br,$446.00,100,6/7/2023,4/22/2023
872,Adelind,Karpinski,akarpinskio7@china.com.cn,$899.92,70,10/26/2023,12/26/2023
873,Brooke,Kippins,bkippinso8@thetimes.co.uk,$1496.58,22,9/17/2023,2/26/2024
874,Bruno,Scamerdine,bscamerdineo9@bravesites.com,$1932.54,9,7/19/2023,3/10/2024
875,Nelly,Sydney,nsydneyoa@unesco.org,$1827.25,25,2/8/2024,2/24/2024
876,Brit,Ommundsen,bommundsenob@phoca.cz,$671.90,45,5/29/2023,10/25/2023
877,Cathie,Cartmael,ccartmaeloc@cdc.gov,$1986.64,70,8/1/2023,12/14/2023
878,Pasquale,Colvie,pcolvieod@smugmug.com,$1751.12,82,11/30/2023,1/1/2024
879,Cyrill,Knibbs,cknibbsoe@princeton.edu,$1000.35,83,2/17/2024,1/15/2024
880,Calhoun,Hunnicutt,chunnicuttof@blinklist.com,$879.01,75,2/29/2024,6/14/2023
881,Peirce,Joules,pjoulesog@youku.com,$1510.25,77,11/23/2023,11/24/2023
882,Smitty,Goldsby,sgoldsbyoh@cdbaby.com,$342.23,82,3/31/2023,4/24/2023
883,Freddie,Matysiak,fmatysiakoi@google.fr,$1972.86,13,10/23/2023,3/22/2024
884,Lennie,Nigh,lnighoj@vinaora.com,$623.40,96,7/13/2023,11/10/2023
885,Edd,East,eeastok@alibaba.com,$291.95,10,7/13/2023,6/16/2023
886,Korey,Resdale,kresdaleol@qq.com,$632.80,40,11/2/2023,1/31/2024
887,Linette,Grigsby,lgrigsbyom@shinystat.com,$964.59,5,7/11/2023,9/5/2023
888,Mickey,Lain,mlainon@mtv.com,$398.94,98,5/11/2023,12/1/2023
889,Kaela,Burdytt,kburdyttoo@google.ru,$759.01,15,7/31/2023,1/14/2024
890,Dodie,Cuesta,dcuestaop@hubpages.com,$1156.21,45,5/21/2023,5/1/2023
891,Padgett,Labb,plabboq@jalbum.net,$193.24,48,8/1/2023,6/26/2023
892,Nani,Izaks,nizaksor@rediff.com,$263.11,24,2/7/2024,2/5/2024
893,Vivianne,Wilbud,vwilbudos@bbb.org,$147.62,86,6/21/2023,6/4/2023
894,Kathrine,Spadoni,kspadoniot@typepad.com,$268.50,5,3/21/2024,5/27/2023
895,Putnam,Fryman,pfrymanou@rakuten.co.jp,$1255.04,41,9/30/2023,5/29/2023
896,Sonnie,Doag,sdoagov@toplist.cz,$1294.90,9,6/19/2023,11/22/2023
897,Killian,Bilt,kbiltow@umn.edu,$1281.09,87,12/16/2023,3/4/2024
898,Erny,Anstey,eansteyox@globo.com,$1437.88,21,5/14/2023,8/24/2023
899,Wilone,Benediktovich,wbenediktovichoy@addthis.com,$1180.94,15,7/29/2023,9/3/2023
900,Deva,Hawkett,dhawkettoz@i2i.jp,$1714.93,28,1/23/2024,1/1/2024
901,Estrella,Bretherick,ebretherickp0@t.co,$697.22,41,5/15/2023,2/25/2024
902,Antonia,Passion,apassionp1@cdc.gov,$1174.42,50,8/5/2023,2/3/2024
903,Netta,Forcade,nforcadep2@hud.gov,$291.61,53,10/15/2023,10/25/2023
904,Zerk,Lapthorn,zlapthornp3@storify.com,$942.93,95,11/5/2023,2/16/2024
905,Elvin,Levene,elevenep4@chron.com,$1379.90,64,10/14/2023,1/17/2024
906,Chev,MacRury,cmacruryp5@google.it,$1986.60,12,2/8/2024,12/7/2023
907,Woodman,Lodovichi,wlodovichip6@washingtonpost.com,$597.95,54,4/16/2023,3/27/2023
908,Stanford,Blandamore,sblandamorep7@bbc.co.uk,$1104.64,21,4/26/2023,2/19/2024
909,Manfred,Hamill,mhamillp8@mapquest.com,$180.50,55,10/30/2023,2/15/2024
910,Hartley,Lightowlers,hlightowlersp9@parallels.com,$285.08,31,6/22/2023,5/4/2023
911,Danell,Drummer,ddrummerpa@ucsd.edu,$336.05,18,8/17/2023,9/8/2023
912,Lucie,Woollcott,lwoollcottpb@nsw.gov.au,$1557.22,59,6/9/2023,9/23/2023
913,Angil,Crossgrove,acrossgrovepc@vistaprint.com,$840.80,45,12/5/2023,4/7/2023
914,Xymenes,Duddell,xduddellpd@cbsnews.com,$1233.42,84,5/11/2023,7/8/2023
915,Cyb,Duplock,cduplockpe@ow.ly,$120.91,70,12/16/2023,12/29/2023
916,Ximenes,Boullin,xboullinpf@soundcloud.com,$1455.11,39,5/20/2023,3/20/2024
917,Anetta,Parkhouse,aparkhousepg@marriott.com,$340.01,56,5/15/2023,7/16/2023
918,Regan,Dyett,rdyettph@ucsd.edu,$1113.39,34,10/13/2023,4/1/2023
919,Saundra,Cecchetelli,scecchetellipi@hostgator.com,$130.97,49,6/21/2023,10/19/2023
920,Mirella,Challens,mchallenspj@harvard.edu,$734.83,76,8/8/2023,11/11/2023
921,Duke,Angerstein,dangersteinpk@marriott.com,$716.59,44,2/26/2024,2/6/2024
922,Mannie,Tsarovic,mtsarovicpl@smh.com.au,$557.99,71,5/15/2023,6/2/2023
923,Cammi,Beagen,cbeagenpm@github.com,$1189.58,42,8/21/2023,4/6/2023
924,Terrye,Mansford,tmansfordpn@unc.edu,$1795.28,93,9/14/2023,11/19/2023
925,Corrina,Tolley,ctolleypo@yolasite.com,$1222.73,95,3/22/2024,4/28/2023
926,Zaria,Pindell,zpindellpp@surveymonkey.com,$353.94,89,10/12/2023,8/3/2023
927,Colette,Gerrets,cgerretspq@techcrunch.com,$1032.99,48,9/12/2023,11/2/2023
928,Sutherlan,Gotcliff,sgotcliffpr@google.com.br,$924.27,45,3/25/2023,2/3/2024
929,Clementius,Lansley,clansleyps@cnet.com,$1918.53,17,2/7/2024,6/20/2023
930,Clarita,Lewtey,clewteypt@multiply.com,$152.26,77,10/8/2023,6/21/2023
931,Wilbur,Russel,wrusselpu@ftc.gov,$1838.59,32,12/16/2023,8/20/2023
932,Shannan,Coventry,scoventrypv@about.com,$1842.12,63,6/28/2023,3/17/2024
933,Kelsy,Metham,kmethampw@apple.com,$518.89,42,8/30/2023,9/20/2023
934,El,McWilliam,emcwilliampx@issuu.com,$1087.92,75,3/8/2024,10/19/2023
935,Patrice,Stonuary,pstonuarypy@si.edu,$1708.72,26,7/25/2023,6/20/2023
936,Brandais,Feldbaum,bfeldbaumpz@nbcnews.com,$1804.60,70,9/12/2023,2/20/2024
937,Ellen,Rayer,erayerq0@nationalgeographic.com,$1517.38,29,7/11/2023,10/18/2023
938,Libbie,Waterstone,lwaterstoneq1@independent.co.uk,$1269.92,78,5/14/2023,6/18/2023
939,Nefen,Naile,nnaileq2@alibaba.com,$1518.39,9,9/2/2023,7/22/2023
940,Perri,Washtell,pwashtellq3@auda.org.au,$1815.09,17,4/30/2023,8/16/2023
941,Brade,Southway,bsouthwayq4@bing.com,$547.13,45,1/2/2024,4/15/2023
942,Cirillo,Coan,ccoanq5@hud.gov,$215.52,30,7/3/2023,5/20/2023
943,Reeba,Brunet,rbrunetq6@seesaa.net,$1158.04,39,8/28/2023,5/21/2023
944,Homerus,Hollow,hhollowq7@irs.gov,$263.23,2,12/6/2023,4/6/2023
945,Alano,FitzGibbon,afitzgibbonq8@theglobeandmail.com,$993.12,3,5/25/2023,9/21/2023
946,Huntington,McComiskie,hmccomiskieq9@cpanel.net,$349.00,6,3/24/2024,11/7/2023
947,Brennen,MacAiline,bmacailineqa@mail.ru,$1654.03,23,11/29/2023,3/10/2024
948,Farley,Pinare,fpinareqb@hubpages.com,$702.48,79,4/17/2023,6/3/2023
949,Ivory,Soper,isoperqc@squidoo.com,$264.34,43,11/24/2023,4/13/2023
950,Derk,Ostick,dostickqd@nba.com,$414.41,45,9/11/2023,5/22/2023
951,Mace,Jerdein,mjerdeinqe@odnoklassniki.ru,$238.74,81,2/23/2024,7/23/2023
952,Datha,Dillintone,ddillintoneqf@desdev.cn,$933.10,22,11/15/2023,2/4/2024
953,Hilliary,Laycock,hlaycockqg@godaddy.com,$312.04,82,2/29/2024,11/17/2023
954,Yevette,Soeiro,ysoeiroqh@ezinearticles.com,$903.10,93,1/23/2024,7/9/2023
955,Jo-ann,Thatcham,jthatchamqi@jimdo.com,$1090.44,43,4/16/2023,2/8/2024
956,Pepita,Poulney,ppoulneyqj@icq.com,$1060.47,71,6/22/2023,6/9/2023
957,Tore,Gomez,tgomezqk@yahoo.co.jp,$739.75,81,10/18/2023,2/9/2024
958,Caz,Lauks,clauksql@i2i.jp,$1332.01,80,10/12/2023,1/11/2024
959,Dahlia,McNabb,dmcnabbqm@ebay.co.uk,$1245.38,27,7/12/2023,5/5/2023
960,Wallace,Penzer,wpenzerqn@amazon.co.uk,$1563.84,7,10/11/2023,1/13/2024
961,Camille,Barriball,cbarriballqo@odnoklassniki.ru,$1814.10,12,5/17/2023,11/17/2023
962,Ardys,Heighway,aheighwayqp@oracle.com,$1736.59,26,3/20/2024,6/6/2023
963,Riki,Bartels-Ellis,rbartelsellisqq@irs.gov,$1677.87,68,5/25/2023,3/1/2024
964,Karlan,Raspin,kraspinqr@cloudflare.com,$865.10,40,1/23/2024,1/14/2024
965,Paul,Duester,pduesterqs@tmall.com,$1525.81,66,6/16/2023,10/3/2023
966,Rolland,Siggs,rsiggsqt@alexa.com,$697.32,100,1/8/2024,8/15/2023
967,Brett,Demangel,bdemangelqu@icq.com,$1689.28,1,7/4/2023,2/7/2024
968,Franklin,Nevill,fnevillqv@scribd.com,$702.28,42,5/28/2023,10/9/2023
969,Barbe,Searchwell,bsearchwellqw@usgs.gov,$1673.23,48,6/2/2023,8/9/2023
970,Editha,Cleugh,ecleughqx@addthis.com,$1924.90,83,12/23/2023,8/10/2023
971,Odille,Ruegg,orueggqy@technorati.com,$1522.56,76,10/14/2023,1/20/2024
972,Selby,Wilgar,swilgarqz@dedecms.com,$694.32,21,9/19/2023,8/24/2023
973,Daryl,McInulty,dmcinultyr0@facebook.com,$1462.93,86,12/4/2023,6/18/2023
974,Tamma,Terrey,tterreyr1@google.co.jp,$1592.67,85,9/15/2023,9/25/2023
975,Candis,Downgate,cdowngater2@sciencedirect.com,$288.58,75,6/19/2023,3/4/2024
976,Robb,Newham,rnewhamr3@1und1.de,$1164.19,54,3/20/2024,7/15/2023
977,Edita,Antrack,eantrackr4@blog.com,$1842.43,50,7/5/2023,1/16/2024
978,Otis,McKeachie,omckeachier5@google.ru,$1753.03,2,7/30/2023,1/1/2024
979,Bengt,Faux,bfauxr6@xrea.com,$160.03,70,12/9/2023,5/16/2023
980,Jule,Frankcombe,jfrankcomber7@ow.ly,$854.40,70,7/6/2023,5/21/2023
981,Iseabal,Dawidowicz,idawidowiczr8@uol.com.br,$1746.97,42,11/11/2023,12/2/2023
982,Marylinda,Avesque,mavesquer9@ow.ly,$340.22,14,1/6/2024,5/14/2023
983,Teddy,Cargenven,tcargenvenra@domainmarket.com,$541.84,55,8/27/2023,6/5/2023
984,Britteny,Niblett,bniblettrb@wix.com,$168.07,65,1/10/2024,7/16/2023
985,Keith,Cozby,kcozbyrc@ameblo.jp,$1986.72,75,10/5/2023,8/5/2023
986,Meggie,Waddilove,mwaddiloverd@seesaa.net,$1540.60,38,8/30/2023,6/6/2023
987,Dominique,Elsay,delsayre@wufoo.com,$198.74,35,11/6/2023,3/27/2023
988,Quent,Santon,qsantonrf@blinklist.com,$344.82,22,9/17/2023,9/26/2023
989,Aggi,Stutely,astutelyrg@about.com,$1995.79,31,9/28/2023,4/29/2023
990,Trumaine,Parffrey,tparffreyrh@pagesperso-orange.fr,$1706.07,48,12/4/2023,5/22/2023
991,Sheilakathryn,Lodwick,slodwickri@wsj.com,$163.03,83,6/28/2023,9/7/2023
992,Pall,Cocke,pcockerj@cnn.com,$546.10,72,6/12/2023,5/5/2023
993,Jacquelynn,Bolf,jbolfrk@51.la,$679.28,99,1/3/2024,11/19/2023
994,Barbi,Buxcy,bbuxcyrl@moonfruit.com,$489.96,28,5/15/2023,1/7/2024
995,Harvey,Kubat,hkubatrm@dropbox.com,$1151.79,88,4/28/2023,7/19/2023
996,Nial,Gadesby,ngadesbyrn@bravesites.com,$1021.29,8,1/19/2024,11/6/2023
997,Rosalia,Branchet,rbranchetro@opensource.org,$1191.48,40,8/9/2023,10/24/2023
998,Lauritz,Neilly,lneillyrp@sciencedirect.com,$579.59,8,2/1/2024,12/1/2023
999,Eli,Weed,eweedrq@foxnews.com,$1163.75,12,6/23/2023,4/11/2023
1000,Jameson,Tezure,jtezurerr@yandex.ru,$115.14,85,1/5/2024,4/23/2023
